time,temperature,peak@1480.6,peak@1486.4,peak@1493.4,peak@1501.9,peak@1515.7,peak@1534.6,peak@1547.2,peak@1554.7,peak@1560.5,peak@1565.4,peak@1569.7,peak@1573.6,dip@1477.9,dip@1483.5,dip@1489.8,dip@1497.4,dip@1507.7,dip@1526.2,dip@1542.3,dip@1551.3,dip@1557.8,dip@1563.1,dip@1567.7,dip@1571.7
23.4784,44.0587,1480.6387856407725,1486.4833690035805,1493.4545770344034,1501.9389561891433,1515.6728860082778,1534.564772009424,1547.3371737036744,1554.6699507993342,1560.5118181915755,1565.4338643310334,1569.7243449810112,1573.566391742443,1477.9054640212696,1483.4824189408228,1489.8306511177607,1497.4093682133662,1507.5748282145241,1526.1956967226565,1542.2786763979561,1551.3003155002802,1557.7512852233838,1563.0777555997524,1567.6525099079822,1571.695067124662
46.9481,43.8558,1480.6381778590992,1486.4960639742403,1493.4724248079917,1501.9989847814554,1515.6689290197098,1534.4423600130908,1547.3010341786598,1554.6518141904628,1560.491267647889,1565.416914378884,1569.7076068014462,1573.553193448331,1477.917806798889,1483.5019438574545,1489.8720402812437,1497.438712163501,1507.6018867469675,1526.0783376344866,1542.2052018161144,1551.2593929877098,1557.722496861128,1563.0452961434855,1567.6285402462147,1571.675475920992
70.4303,43.7284,1480.6418908383132,1486.5314647923021,1493.4706658012037,1502.0130768682386,1515.7796714500607,1534.4142442631162,1547.3085987245947,1554.6465858975168,1560.4830588062289,1565.404081182187,1569.6959097496165,1573.5525982115637,1477.9263787539555,1483.5045285174183,1489.869431575286,1497.4463383460504,1507.6160900009377,1526.172667653255,1542.1811040729312,1551.2636957886612,1557.7197156970508,1563.040637717414,1567.6173972054953,1571.6693399180956
93.9101,43.7176,1480.6807422770871,1486.5261438487028,1493.4959000984634,1502.018059271519,1515.7190246117123,1534.4191997981836,1547.2687558258674,1554.6346145404223,1560.4605721316923,1565.3973024224808,1569.6761067643902,1573.5283557074333,1477.9340939406757,1483.509722865037,1489.8708543528114,1497.455254013722,1507.6237302133345,1526.2046052757184,1542.153624724481,1551.2337858901938,1557.7044058088902,1563.0242508308047,1567.6119344184183,1571.6485230103326
117.388,43.6188,1480.6684174495451,1486.5305800657413,1493.5069658642315,1502.0631201683177,1515.7808092407222,1534.0567884098916,1547.2073074736732,1554.617772413932,1560.4396107025761,1565.3814504638426,1569.6654327718632,1573.520713210362,1477.922896798748,1483.5267909562854,1489.8769969918576,1497.4681841712827,1507.6640464978857,1526.1237571152471,1542.1436031271803,1551.2154510363582,1557.6759708629693,1563.0103027525572,1567.5979618710564,1571.6394673091745
140.864,43.5424,1480.6814999927706,1486.5586156584484,1493.5192785485592,1502.1066621653924,1515.7256052257435,1533.986533687128,1547.2164597272842,1554.5936121570428,1560.4319251379688,1565.3627612345722,1569.6506780336115,1573.507962091558,1477.9384076201425,1483.5264994314311,1489.8978763952816,1497.4841472293147,1507.6835406318567,1526.199013093859,1542.106338933096,1551.1858220096876,1557.6645926205192,1562.9942439635972,1567.5824975148419,1571.6236333668742
164.339,43.2544,1480.6812491563153,1486.576852772365,1493.5082366697143,1502.0836281511056,1515.8013486216012,1534.36043402094,1547.207776463631,1554.5935047333344,1560.4145645681406,1565.3601940980589,1569.632566404285,1573.5079488980898,1477.9402996962326,1483.537109877978,1489.9044791887002,1497.498250685205,1507.6956133151295,1526.0626674902594,1542.0990787624785,1551.1840610640436,1557.6581591587221,1562.9828431007136,1567.5720281043348,1571.6252579427914
187.823,43.3122,1480.7032783431125,1486.590815888153,1493.5415651750372,1502.0847200161797,1515.7575166484808,1534.0832734855226,1547.1848553991317,1554.5824445306996,1560.3893178899573,1565.3462485225982,1569.6276899738564,1573.4935752858332,1477.9706523008708,1483.5407684791742,1489.9060722564031,1497.5002547819918,1507.7250293006045,1526.1865723135163,1542.0737446096387,1551.1627127262275,1557.6400608722345,1562.9708993931756,1567.5677367891847,1571.612179203024
211.299,43.1644,1480.6991663099957,1486.584901658016,1493.5677047251042,1502.152021947333,1515.813441711576,1533.923344402961,1547.1520158831188,1554.5632233788876,1560.3791094857204,1565.33163945567,1569.6171663234777,1573.4785792715238,1477.9666921965504,1483.5618463948515,1489.9271844293075,1497.5209401291952,1507.7601357892024,1526.218269042638,1542.022452094737,1551.1393472684604,1557.6201785280937,1562.9517623212976,1567.5490436289965,1571.598263963032
234.774,43.2414,1480.731790446697,1486.6015848456066,1493.5781306543984,1502.1327233274128,,1533.925057387453,1547.0478554288773,1554.549715828302,1560.3712837422456,1565.3262060858347,1569.5987334686347,1573.47007043849,1477.9801403055174,1483.5669351780057,1489.9335541807811,1497.5351161803517,1507.7448724801466,1526.1973681374718,1541.9865583371613,1551.1385735731017,1557.6079887842293,1562.9387988814333,1567.534898282726,1571.583541036407
261.67,43.0479,1480.7299247789726,1486.6045016612868,1493.5750700096298,1502.1349214500685,,1533.9801272574027,1547.063539348558,1554.5450876428351,1560.3434539862726,1565.31094177885,1569.5897435774084,1573.4600814184723,1477.9925973750221,1483.5740247093238,1489.9641567936803,1497.5583473018899,1507.8007169079199,1526.1750857635518,1541.9882390495752,1551.1069954206494,1557.5995337741576,1562.9266588028713,1567.5247878275627,1571.5765603088876
285.157,42.8361,1480.7611516475158,1486.6307174086837,1493.6081570549445,1502.1852024038928,,1533.8718966520942,1547.0215746871172,1554.521437395516,1560.3197707188529,1565.2931077191095,1569.5711037145948,1573.4485800749214,1477.9946684298043,1483.6001116253299,1489.9735392492898,1497.5708531568093,1507.8051110979989,1526.155457870405,1541.9209678737172,1551.0900823402874,1557.5641804762095,1562.9089821011057,1567.5056761516323,1571.558332059963
308.632,42.7864,1480.7641537084214,1486.622900435468,1493.5942564559216,1502.1682085932607,,1533.937937490698,1547.0023926755587,1554.5277466880164,1560.3181442417554,1565.2950309571015,1569.57577130891,1573.4445825212065,1478.0110109256657,1483.5836295481604,1489.9754312867437,1497.5484442671066,1507.8037427373476,1526.1703434989154,1541.9578960614358,1551.087442233207,1557.5723927670829,1562.9102386513832,1567.5093409942067,1571.5622012282593
332.102,42.5993,1480.7523255864178,1486.6246101491786,1493.6149540308809,1502.1864476586554,,1533.8328416581894,1546.9513470390484,1554.5054880742837,1560.301668869748,1565.2845597169967,1569.5646262730647,1573.4325445462662,1478.00641105398,1483.60575443633,1490.0041183674632,1497.587086310409,1507.8273060723802,1526.137295666223,1541.921582263167,1551.0709854026181,1557.560719614184,1562.896117009473,1567.4914525365534,1571.5504388159065
355.579,42.5663,1480.771554033047,1486.6661805081974,1493.6435813427402,1502.187963017577,,1533.858681695926,1546.9116756033875,1554.4897411535594,1560.2707565677504,1565.259301605422,1569.530957219657,1573.4087045110693,1478.023558210235,1483.6234081712973,1490.0104407116855,1497.6078931840423,1507.906937945136,1526.1818581098164,1541.8611836567443,1551.0300628979503,1557.5272565515543,1562.8698975283876,1567.4626415837704,1571.5226185989504
379.059,42.4771,1480.771064282885,1486.668948288309,1493.6429087699662,1502.2062396493104,,1533.7620156519595,1546.896986446901,1554.4821550110178,1560.2605689486024,1565.2524667781356,1569.535516921589,1573.4075248687154,1478.0203696957192,1483.6282046675526,1490.0102386265635,1497.6157590684143,1507.9161183090118,1526.0980978844045,1541.837264138992,1551.015313297619,1557.5105808530564,1562.8605636667337,1567.4613162760236,1571.5172152709492
402.538,42.4425,1480.785211341885,1486.682775913053,1493.6562363455034,1502.2325309301245,,1533.719696435326,1546.873444649066,1554.4708905763246,1560.2429206017596,1565.2432636151004,1569.5288922790955,1573.4011003401595,1478.0375644523,1483.6321764002196,1490.0079748165322,1497.6272650841636,1507.9145049246786,1526.2005249857702,1541.8057445845532,1551.002736156164,1557.4992150159733,1562.8591454379607,1567.4564259337392,1571.5135726163446
426.011,42.3548,1480.7964476646482,1486.6731761339358,1493.684822950824,1502.235392426901,,1533.7107976441778,1546.8470191687438,1554.4656226275686,1560.2306443448858,1565.223802072246,1569.5050993355933,1573.3821360615948,1478.0600115093348,1483.6391455686094,1490.0354501999852,1497.6223582226348,1507.9470341372928,1526.1621567361785,1541.7425435371406,1550.972335533684,1557.480600619995,1562.8307928392778,1567.4446486093343,1571.4913964853458
449.496,42.316,1480.7915564060957,1486.6838519743023,1493.6865178574844,1502.2331839003189,,1533.720195207909,1546.8531429887175,1554.4526745810736,1560.2281529196694,1565.2224870552814,1569.505593039798,1573.386333265327,1478.0430547684387,1483.6456737003093,1490.0299097962588,1497.6322324880457,1507.9738451850365,1526.2083808956716,1541.7636409444087,1550.9772457050926,1557.487035301384,1562.829052856628,1567.4388019109142,1571.489504679162
472.965,42.0504,1480.802483250607,1486.6984590438951,1493.695766421451,1502.2680904074025,,1533.678794626786,1546.841810388778,1554.4331126677396,1560.2150959887565,1565.210086580228,1569.4983095926975,1573.3708510387637,1478.0539279963366,1483.654810581213,1490.0472741305325,1497.6530794231458,1507.9921245421247,1526.2157086496327,1541.7476393055747,1550.9603836082308,1557.4625418260448,1562.8238696773897,1567.423792728227,1571.4836614837984
496.442,42.1087,1480.815446324755,1486.7062056821946,1493.7104211875326,1502.2598487011132,,1533.6863927213094,1546.7687973314464,1554.4171110280618,1560.2062283113603,1565.1878839494962,1569.487758399806,1573.3627620830748,1478.0551364855767,1483.6679534105704,1490.05523779914,1497.673640364761,1507.9785813377569,1526.1608892666077,1541.7082904046533,1550.9518554169638,1557.4351851084687,1562.8018412185927,1567.4065596409253,1571.4620060733826
519.926,41.9549,1480.8121654913086,1486.7025735826558,1493.7206050967545,1502.3201985388857,,1533.6177926675462,1546.7605470047981,1554.408920136103,1560.191986068311,1565.1788678598602,1569.4655930017739,1573.35269166822,1478.0847538583532,1483.6996183555434,1490.0787001134497,1497.6778931161555,1508.035128327508,1526.1953018203576,1541.6906998568707,1550.9112209431537,1557.4163644153716,1562.7817345616695,1567.394557837753,1571.4521110878045
543.399,41.8983,1480.828913633314,1486.7012137636352,1493.727904201964,1502.285838948057,,1533.6141732058645,1546.7585382702403,1554.3958934446928,1560.1785973298172,1565.1737376723881,1569.4601860016905,1573.3494978983433,1478.087265817588,1483.692446140522,1490.0756965429775,1497.6977475330661,1508.072225543465,1526.1863790557334,1541.6797238879171,1550.9092952528026,1557.4149102081428,1562.7727941857574,1567.38893240574,1571.4390065171392
566.88,41.6309,1480.838262424574,1486.7290957319212,1493.7577028078476,1502.3289772235905,,1533.6206963408536,1546.7028384594207,1554.3783613207333,1560.15612093506,1565.1435856892538,1569.4448301038308,1573.3236323697115,1478.0919503518046,1483.697409244221,1490.107475019525,1497.735056939648,1508.1035771672323,1526.161670221741,1541.6220669671948,1550.87397954783,1557.3913454001988,1562.74290268682,1567.373504763311,1571.4228130196707
590.355,41.7422,1480.850540452044,1486.7264356671458,1493.754943120928,1502.357974623656,,1533.625631843118,1546.7135818290983,1554.3712753818738,1560.1589239333136,1565.1441168798042,1569.434997748954,1573.321621487887,1478.0944517140163,1483.7035567324467,1490.0945566742373,1497.7234822667283,1508.102681196487,1526.1818213438517,1541.6080917389777,1550.8607688137092,1557.3885245320944,1562.7461662885928,1567.3664324181516,1571.4204855889802
613.838,41.7042,1480.84108278473,1486.7260860832007,1493.769594046008,1502.3353226027482,,1533.5873463514788,1546.6905407495128,1554.3655079689177,1560.1488901064167,1565.1205332852835,1569.4297588429456,1573.3146731487536,1478.0981228914764,1483.7162975087099,1490.1109528726602,1497.7517295338776,1508.0896685169873,1526.1754032032545,1541.5879813788013,1550.8517274235905,1557.3736743267632,1562.731216279584,1567.355897576444,1571.414007608168
637.318,41.5517,1480.849818416203,1486.7595012232125,1493.7785736088183,1502.333787778383,,1533.5829701176108,1546.6774662595155,1554.3448998871227,1560.1449491054464,1565.1107675443634,1569.4223829993625,1573.3027241370269,1478.10421991209,1483.7233101948066,1490.1190156066282,1497.756542895312,1508.115274990587,1526.1611158736964,1541.5832165124668,1550.826518302527,1557.3583704476812,1562.7164163165678,1567.3497404696127,1571.4007832379016
660.791,41.4408,1480.8643214340693,1486.7706374977465,1493.7676803565578,1502.3966673481568,,1533.498191437998,1546.6727573197884,1554.3183279783016,1560.1279201688083,1565.1027267709703,1569.4082055532986,1573.2944791884865,1478.1136560171437,1483.7294021267826,1490.1362382546035,1497.7452759709097,1508.1696649534501,1526.1749075765592,1541.5486033532718,1550.8208229675442,1557.34972541127,1562.7055111198556,1567.3292534554157,1571.3890666338355
684.267,41.3386,1480.8679312435993,1486.767471790208,1493.790834116393,1502.4127849586555,,1533.5174605493862,1546.64816931305,1554.3217213840162,1560.1133611346645,1565.0819259413956,1569.3970451662801,1573.2814877627702,1478.136752049503,1483.72199387778,1490.1239274899353,1497.7697391683182,1508.1783115237283,1526.2311928299837,1541.5352815985036,1550.8030768577346,1557.334072812383,1562.6977118023412,1567.3208189069212,1571.3815440337064
707.745,41.3186,1480.8572943171484,1486.749798791572,1493.794106057866,1502.4458343720548,,1533.5622473059072,1546.636091123268,1554.2936902126237,1560.1055149983226,1565.0759890981196,1569.3880133938758,1573.2786414420914,1478.1338912247554,1483.7339252818122,1490.1587021231148,1497.8063295302813,1508.215770116183,1526.2500194828028,1541.4763834360451,1550.784101876236,1557.3251376682795,1562.6912374745468,1567.313927475295,1571.3730455508617
731.231,41.2286,1480.8593625846854,1486.7990066762873,1493.8047744066557,1502.425588515676,,1533.4103058424284,1546.6165402403303,1554.275317996503,1560.0908476884247,1565.0699149982704,1569.3727448289274,1573.2660996914533,1478.1562262995265,1483.7636595231916,1490.1682661841076,1497.787674752451,1508.2405858707857,1526.1602410767528,1541.43563750219,1550.762728712636,1557.3084391984314,1562.6737375861892,1567.2979995266396,1571.361297059704
754.709,41.2392,1480.8949375859306,1486.7968756634639,1493.82121270145,1502.459995642734,,1533.4680448710947,1546.6003740669375,1554.2761505950612,1560.0817794441546,1565.0624463765203,1569.372981854165,1573.2602135152438,1478.1383335083274,1483.7533752842037,1490.1595507361062,1497.8125085799443,1508.2274001735111,1526.1931889117627,1541.4413015819162,1550.767967969075,1557.2973318653665,1562.6642488954346,1567.292569484194,1571.3539870722532
778.186,41.1173,1480.8850577293276,1486.797984823848,1493.813858574901,1502.482125622355,,1533.418212349155,1546.6045735542439,1554.2519401218133,1560.0775582745393,1565.048213634885,1569.3623468054298,1573.2515307901526,1478.1403854303041,1483.7461443116013,1490.1759583965513,1497.829421026102,1508.2692728025638,1526.2507267995795,1541.439036806748,1550.747816119185,1557.2890475084905,1562.6540070660142,1567.2880181453277,1571.3403758768943
801.659,40.9573,1480.883832449281,1486.8075108781272,1493.8373186062915,1502.490802710823,,1533.5503122854568,1546.5807608967284,1554.214817061289,1560.057016405478,1565.0305459366841,1569.3431407312864,1573.2392286775876,1478.1537759896726,1483.7884967483376,1490.1891756458026,1497.8427758257444,1508.2805933542215,1526.2070636113372,1541.380663828655,1550.7170517988347,1557.271465122392,1562.6355871481087,1567.262944684238,1571.3274566630837
825.141,40.9015,1480.9160197643614,1486.8449967436427,1493.8449824005131,1502.553352665081,,1533.3496562270798,1546.5600922313856,1554.1680020496685,1560.0406668240125,1565.0154924176352,1569.3357550371425,1573.22663891068,1478.1855451871227,1483.796464602566,1490.219830768586,1497.8449484581001,1508.350362981169,1526.1726883393237,1541.3689082678327,1550.7174476783687,1557.2549183917824,1562.6224941311516,1567.253409927167,1571.319726107553
848.618,40.8487,1480.8926250310199,1486.8740516124083,1493.8271799100107,1502.530929106823,,1533.3390529385545,1546.5668497123352,1554.1863721304626,1560.0445332201468,1565.012549016817,1569.3358867749573,1573.2225034357837,1478.1760129864379,1483.7776557267402,1490.2152023016133,1497.839652019958,1508.3276969075857,1526.1951841191553,1541.3731679694215,1550.711073870946,1557.253143398362,1562.6226369111732,1567.2563316681128,1571.3175165436871
872.099,40.6813,1480.91202462412,1486.8740658939385,1493.8703594019523,1502.536356769677,,1533.318184495645,1546.5411050104487,1554.1568912826851,1560.0278938519464,1564.9951655670789,1569.3139909071754,1573.211854708282,1478.1775781630704,1483.8011299794848,1490.22808075023,1497.8659997458212,1508.3696564704394,1526.2303023525674,1541.341862583937,1550.6767360918816,1557.2343471081854,1562.598241860235,1567.2420396201965,1571.3018597700243
895.574,40.6551,1480.9232243312001,1486.8830137536154,1493.8851301258073,1502.5341715784969,,1533.3086336122433,1546.5449259930854,1554.1336276147995,1560.0107209054036,1564.97608886528,1569.3177218557605,1573.1987863129084,1478.1847027938804,1483.8018831911945,1490.2322442853267,1497.89157877921,1508.3627125785,1526.1713977428947,1541.3343667815825,1550.6758356370362,1557.2284156895414,1562.589262148846,1567.2296137314013,1571.2955277548454
919.051,40.6434,1480.9185289917648,1486.9077036322908,1493.8791309750534,1502.5385058030881,,1533.3018780424097,1546.528734596478,1554.1144643297116,1560.0037925210906,1564.9605295575402,1569.2947273093582,1573.1844283137248,1478.194982200698,1483.809131612175,1490.2487975604174,1497.8827650244461,1508.4154517552274,1526.1803529390543,1541.2854319504277,1550.6648481601733,1557.2072955538783,1562.5797843402186,1567.2212630201343,1571.2822116103512
942.536,40.2417,1480.931254073411,1486.906860737927,1493.8989307920103,1502.5345636181241,,1533.293920484238,1546.5192834502898,1554.111225779254,1560.0004588753156,1564.964627317134,1569.2986363274156,1573.1834663763952,1478.2086746470632,1483.8110983397871,1490.2568834167025,1497.8997264880538,1508.412075644614,1526.1576135353512,1541.2644468456851,1550.655187672636,1557.2071081117426,1562.5754279435444,1567.2149203612516,1571.2778058716885
966.011,40.4955,1480.9478764927132,1486.9546981348753,1493.9006965881179,1502.6054721138637,,1533.3731197014915,1546.5019533748593,1554.0850632493928,1559.9810211009462,1564.9460972692505,1569.2845791332438,1573.167462324748,1478.2055308826443,1483.8395937591508,1490.2570707309671,1497.9201317919233,1508.431286798078,1526.21248980802,1541.2400937627394,1550.6276202459278,1557.1875394331053,1562.555763615674,1567.2016415426247,1571.2653476374549
989.489,40.3213,1480.9403356170167,1486.9404899527428,1493.9206323273397,1502.665885086046,,1533.1419283466748,1546.5009924767842,1554.0716154587437,1559.9698830370498,1564.9251859593971,1569.2729487900451,1573.1590999913697,1478.21576667907,1483.8378452750487,1490.262099933232,1497.930387719494,1508.475503726989,1526.1453193468517,1541.1779548814804,1550.6071465436987,1557.1725519456968,1562.5498429369136,1567.1892751955986,1571.250709038352
1012.97,40.2256,1480.9580934674468,1486.9507327177382,1493.911563978326,1502.6486151606043,,1533.2030872950286,1546.5024448656036,1554.0507073788428,1559.9657264835341,1564.9211851013222,1569.2679292561324,1573.150902183427,1478.2077636713768,1483.8490126120919,1490.2840494560855,1497.9417725230965,1508.4376795352728,1526.1563538379858,1541.2000332500995,1550.5987789148285,1557.1593315400714,1562.5497354622973,1567.1811566018603,1571.24030927828
1036.45,40.2462,1480.951131169388,1486.948922260179,1493.9278494314333,1502.6392360719744,,1533.191572311715,1546.4817405201752,1554.0466591892182,1559.9499756652506,1564.9148640782446,1569.262043345314,1573.1424700645757,1478.2257042705971,1483.8528974178255,1490.2951590095001,1497.9327911837486,1508.5003596165955,1526.2125332604337,1541.1997349063906,1550.5891522844488,1557.157173186896,1562.539749762098,1567.1748662961072,1571.2444160637338
1059.92,40.1726,1480.973634662624,1486.955503683062,1493.9307318994083,1502.698704162967,,1533.101319719685,1546.4699397717916,1554.0336068341826,1559.9436537803213,1564.906423524351,1569.2516121966116,1573.1347977010237,1478.2256492109443,1483.8513868582738,1490.2973549331182,1497.9453299635095,1508.5255461007628,1526.1784185974614,1541.0980168009842,1550.573594164763,1557.1329770776254,1562.516521088777,1567.1618165670077,1571.2292331705135
1083.4,39.8264,1480.9905376384093,1486.9808572658123,1493.9653873314305,1502.7282393754592,,1533.099953994048,1546.446805253497,1553.9986963201638,1559.9250220718138,1564.8811755744878,1569.2313504143772,1573.118311312441,1478.2372574139547,1483.87587135678,1490.3124627038158,1497.9959019004723,1508.5658785605146,1526.1714048014155,1541.081694815944,1550.5455031787874,1557.117628530551,1562.5050650142894,1567.1423404409763,1571.2172688208489
1106.88,40.0195,1481.0033231210598,1486.9783832793805,1493.9509889578765,1502.7835539486607,,1533.1331053813203,1546.4639667164727,1553.9908632630854,1559.9224536510878,1564.8800207975405,1569.232631783902,1573.109563433518,1478.2388272443623,1483.894182795565,1490.3243952571408,1497.9917432827442,1508.5738854910348,1526.198119456473,1541.0641606995964,1550.5485634734662,1557.1121378650305,1562.4953934031746,1567.137049566947,1571.2065140211682
1130.36,39.8639,1481.003678283933,1486.962633259035,1493.964797878642,1502.7132139550797,,1532.893027894471,1546.4520669389337,1553.9753791949117,1559.9131724707843,1564.866504596225,1569.2276359995335,1573.1085337708073,1478.2524810459438,1483.8834356714738,1490.326700319647,1498.0064232289901,1508.5815663733947,1526.1376055831042,1541.0507527824282,1550.5281844403034,1557.0931623785852,1562.4870893983473,1567.1321782093191,1571.2060911131223
1153.83,39.8449,1481.0136187743256,1486.9775521854915,1493.9917765375405,1502.8536950810815,,1533.0739659026433,1546.4099633239618,1553.9694675320702,1559.903922015395,1564.859160844786,1569.2138993225544,1573.090864309508,1478.2553087576014,1483.8921529242648,1490.3334388384767,1498.0100436912019,1508.6198869854204,1526.1438039364716,1541.058658917382,1550.4983113653625,1557.0871721740573,1562.4764202537383,1567.1229013568532,1571.194344934792
1177.31,39.4935,1481.0182163649856,1486.9977119221571,1493.9941719325475,1502.7951749346923,,1533.027032814971,1546.3845828516035,1553.9404594169157,1559.8929797033413,1564.8359638563645,1569.200746641245,1573.0828502030624,1478.2590668272926,1483.9003392371899,1490.3426359303512,1498.019893136378,1508.6698297437117,1526.1733890874496,1541.0005642084654,1550.4912421827325,1557.066806732396,1562.4509625881649,1567.1094049152098,1571.180081194772
1200.79,39.771,1481.0086609905654,1487.0003855302116,1493.9722071309445,1502.8055437023697,,1532.89818698898,1546.3922167545477,1553.9383471038693,1559.899724276252,1564.8403774771584,1569.2061273529584,1573.0801051563374,1478.277058582902,1483.8998478562896,1490.3630827076945,1498.0436483914355,1508.6050622718312,1526.2077080937001,1541.0039400444039,1550.4891153153312,1557.0760058011415,1562.4683113120643,1567.1113958348674,1571.1826195341991
1224.26,39.6032,1481.0214616352448,1487.0112711744248,1494.0065050819164,1502.8417712977991,,1532.908470045152,1546.349373421067,1553.9200017068608,1559.8813089293405,1564.8264682540878,1569.189228602626,1573.0620402679265,1478.2870744224724,1483.9198869797622,1490.3554579821741,1498.0605892949418,1508.6495696243448,1526.194878605009,1540.9601001010944,1550.4445553422904,1557.054658377968,1562.4464803887843,1567.0953984370024,1571.1678103417496
1247.74,39.5305,1481.0282004958226,1487.026897313296,1494.0106618133832,1502.8778869964706,,1532.8857728046069,1546.3157692187765,1553.9132015941811,1559.870115508603,1564.8139618992473,1569.173906315172,1573.0515771049593,1478.2840842733988,1483.9338411675385,1490.3698052891812,1498.07756795105,1508.6756301386529,1526.2006883123126,1540.913785047717,1550.4391956398838,1557.0410370550426,1562.431717808781,1567.0823723138415,1571.16023776275
1271.22,39.4141,1481.0442879739421,1487.0296448235263,1494.0229036505725,1502.9378808133158,,1532.3976595722006,1546.2874009298566,1553.8927076248108,1559.8633713896045,1564.8001295902095,1569.16681534281,1573.0370214716665,1478.2944532754734,1483.931441828049,1490.3803361248263,1498.0806559523328,1508.69334669769,1526.1823230293437,1540.8925153526177,1550.4225224491101,1557.0195648242534,1562.419616389799,1567.068337829933,1571.147453336226
1294.69,39.4387,1481.0528315878223,1487.0215380848927,1494.0247251316569,1502.8795456923592,,,1546.2926604515435,1553.8868312305221,1559.8600637296186,1564.8001648312795,1569.1689105757941,1573.0392836468413,1478.3043069079554,1483.9263180868252,1490.3907477080802,1498.1068540389517,1508.647935616527,1526.2019824102063,1540.873536454463,1550.4219916228874,1557.0112013134665,1562.418766389144,1567.062703985782,1571.151427481203
1318.18,39.3526,1481.0472011429927,1487.0421657586637,1494.0404622524375,1502.887290413542,,1532.3003248086563,1546.2854205672977,1553.881068736029,1559.8526343716646,1564.7882507900615,1569.1605873275369,1573.0267771699187,1478.2934463054278,1483.940566101613,1490.40108216859,1498.0890690905105,1508.7226592934028,1526.183851429819,1540.8827524671954,1550.4135685526653,1557.0150428462632,1562.4192534011418,1567.066228903677,1571.1379949981008
1341.65,39.2639,1481.0634237931074,1487.0420175882764,1494.0444120103984,1502.9157845963996,,1532.3296232196235,1546.2146527904729,1553.854457537312,1559.8443093425947,1564.7797791263076,1569.1541287871278,1573.0199787486085,1478.3093185838325,1483.9542072549161,1490.3981004532104,1498.118968042277,1508.73388444296,1526.1923188280853,1540.8573256197249,1550.383350023718,1556.992295468315,1562.3991625103863,1567.0477843501285,1571.134057593634
1365.13,39.1933,1481.0560628386481,1487.0504744647897,1494.0601578758901,1502.9498721999519,,1532.2108058757524,1546.2225993787154,1553.8541662279085,1559.8377846546027,1564.7720527568706,1569.1411313143058,1573.0151441281773,1478.3045316162247,1483.9731476049021,1490.4217281298272,1498.1187835985638,1508.7185067160785,1526.2265469345489,1540.8411112147512,1550.3766159272027,1556.9843986781973,1562.389968720739,1567.0344171611455,1571.1180608230657
1388.6,39.159,1481.0804645631463,1487.0448960706206,1494.0714292185676,1502.9409676776102,,1532.2334180951705,1546.1412005704944,1553.8296744220406,1559.819440645759,1564.758911103432,1569.137652155931,1573.0041248607822,1478.3168525358162,1483.9599243641135,1490.4263581905227,1498.1249209076718,1508.7283747333108,1526.203419335903,1540.7869280188554,1550.3462021421915,1556.9759644686628,1562.3819789993083,1567.0279753726118,1571.1116526127566
1412.07,39.1044,1481.0878822106947,1487.0647143543847,1494.064694517213,1502.9862484876687,,1532.272946910046,1546.1878167082373,1553.8104472557,1559.8002189915892,1564.741001002134,1569.123979722797,1572.9940702519657,1478.3381594197947,1483.9766056483134,1490.4352337945336,1498.1599895132101,1508.7497412507896,1526.2683678553071,1540.770896512936,1550.33446356383,1556.955325182894,1562.3681824089929,1567.0177006813974,1571.1016301151478
1435.55,38.894,1481.0990220983963,1487.0663427579632,1494.0894713341668,1502.9789008961843,,1532.2001198555956,1546.1387069393345,1553.8115908164255,1559.7906418871191,1564.7364661488239,1569.111374104844,1572.9920528934358,1478.329355899434,1483.9811098903217,1490.433664409769,1498.17851872598,1508.8064597474995,1526.2461997423059,1540.7735410125742,1550.3243038686164,1556.9420577180156,1562.3539983020398,1566.9992545727703,1571.0901766252966
1459.03,38.9618,1481.0961596116872,1487.0777618220397,1494.0716590406623,1503.003875197206,,1532.125087578039,1546.095226285162,1553.8018035637951,1559.7830698442076,1564.7279137023177,1569.112755141415,1572.9895887995388,1478.3447190097393,1483.9868516060526,1490.4439954063976,1498.1710223715547,1508.7995160405897,1526.2103934594124,1540.7182105601908,1550.3216237307226,1556.9396058360633,1562.3529996546172,1566.9977717984564,1571.0858945852615
1482.51,38.8947,1481.0988617428195,1487.0958029259943,1494.0840890672457,1502.9924823374872,,1532.117881546745,1546.093312610947,1553.7576158198922,1559.7755174898266,1564.723755720737,1569.100566867787,1572.9704089241436,1478.336866580732,1484.0004763364464,1490.4492124835167,1498.1917790907771,1508.845431911967,1526.1971378845885,1540.678942995739,1550.2966987608404,1556.924700286374,1562.3329938110876,1566.9802278638736,1571.076004808111
1505.98,38.8112,1481.114738774803,1487.0889081523667,1494.0708053810745,1503.0600716301844,,1532.118880809589,1546.0884769774418,1553.7660029450033,1559.7725744443965,1564.7102424435898,1569.0933578600539,1572.9741296951638,1478.338418688291,1483.9984901452365,1490.4587910360367,1498.1906666771824,1508.8779937235263,1526.219110299907,1540.6950541799497,1550.2942749237343,1556.9200154962916,1562.3278862449088,1566.980297072771,1571.068853181003
1529.46,38.7323,1481.1175104105064,1487.0938688905976,1494.1202772433926,1503.0206188138475,,1531.9846570127293,1546.0633886402106,1553.765768430031,1559.7560118483427,1564.7119517137387,1569.0941273300762,1572.9640505348898,1478.3591451851114,1484.0010058265523,1490.4544040024327,1498.199262896084,1508.827578748438,1526.2610778655396,1540.6765533946987,1550.2915607599866,1556.9103478191746,1562.3294800626727,1566.9736318356315,1571.0721783424767
1552.93,38.5749,1481.1138830162606,1487.095279666247,1494.1186735171061,1503.0517280777865,,1532.0774307628712,1546.0523947154038,1553.7462492008995,1559.7483668166592,1564.6909754156688,1569.0789960548345,1572.952168473551,1478.3573089908512,1484.0113724078162,1490.4883943464927,1498.1910836140548,1508.8760297523559,1526.207065256346,1540.6455751585818,1550.2619339483394,1556.8982826223655,1562.3061266778404,1566.9620440813183,1571.0540135384524
1576.41,38.5994,1481.1273461147723,1487.107213673668,1494.1394110730228,1503.059568950203,,,1546.0354806330313,1553.7484696967458,1559.7247232885757,1564.6822173574296,1569.070829702307,1572.9489123555659,1478.3745739023516,1484.0184058556513,1490.4749168403405,1498.2216455673286,1508.902027645272,1526.2191077416674,1540.6070147471094,1550.2446882539814,1556.8807196156044,1562.2915385936235,1566.9587913000894,1571.0409855208325
1599.89,38.4649,1481.1442990878832,1487.1276785953337,1494.128493402683,1503.1085848377083,,,1545.95929100768,1553.7205193446184,1559.702823412346,1564.6672137487608,1569.0670742223547,1572.935969916051,1478.373233627074,1484.035000004312,1490.5029530833947,1498.23857354521,1508.9156036022218,1526.1611328052225,1540.5805766382634,1550.22621261864,1556.8608238788859,1562.2849895115562,1566.948433256351,1571.0365115082657
1623.36,38.394,1481.1264671735114,1487.145559789011,1494.1733017362221,1503.0913741228271,,,1545.9849040127056,1553.7271456008716,1559.6916469191178,1564.6667039624022,1569.0612731510082,1572.9321003112054,1478.370495676268,1484.0405340065995,1490.5053449511174,1498.237134669674,1508.932245284441,1526.2161129537499,1540.5777548439025,1550.2222929658094,1556.8652942975104,1562.2777748576805,1566.9375040969653,1571.0357098806887
1646.84,38.4178,1481.1428143416695,1487.1379800202906,1494.1464507333799,1503.0993085622981,,,1545.9299011526175,1553.7211868248532,1559.6866545606222,1564.664773525808,1569.052791346417,1572.9197026752713,1478.3720690830428,1484.0459124460535,1490.5084634833938,1498.2539034522842,1508.9345372531357,1526.2034881126194,1540.558255052106,1550.2168155845707,1556.8454266631143,1562.269229079982,1566.9307451826407,1571.0239067532796
1670.32,38.3486,1481.1442596138102,1487.1256993659388,1494.1606946855181,1503.1420199045858,,,1545.9371460030195,1553.7135629701484,1559.6606419358375,1564.6517014604542,1569.0520802364365,1572.9047128747245,1478.3921198253436,1484.0528800074837,1490.518981095022,1498.272632963961,1509.0066492847002,1526.2213843931447,1540.5586675316376,1550.1958251198694,1556.8327235039505,1562.2563574908663,1566.915468379311,1571.0219909007756
1693.79,38.1825,1481.1306283615645,1487.1542601398235,1494.2027404211572,1503.127746801058,,,1545.8694515920827,1553.7033094830504,1559.6703064858916,1564.6392223161988,1569.0369491533534,1572.9028672091076,1478.402496524442,1484.0566831454937,1490.542470207272,1498.270731077241,1508.975762697647,1526.2118213691049,1540.521046287039,1550.177299967362,1556.822648718401,1562.2468152394422,1566.9074247330614,1571.0122688872814
1717.27,38.0371,1481.15187458206,1487.1654498690732,1494.226185573264,1503.1403986055634,,,1545.8743234669885,1553.6830952002476,1559.630096872531,1564.634220981877,1569.0185306203894,1572.894497138562,1478.4085849538612,1484.062698032468,1490.5611290865947,1498.3020810454389,1509.0221518412225,1526.2406712565978,1540.488602427062,1550.1486086656353,1556.8043320049558,1562.2295345594866,1566.9003068984032,1570.9935443058293
1740.74,37.9843,1481.1627018979987,1487.1681513004057,1494.1954014246046,1503.1534467361296,,,1545.8817108418643,1553.6738553593736,1559.6315947530659,1564.627655960107,1569.0203911544063,1572.882891718177,1478.4045613637336,1484.061356028915,1490.5623259107006,1498.2893032064317,1509.0456902397545,1526.2329756914294,1540.494777095976,1550.1526897717024,1556.7957653797912,1562.2258466815897,1566.893703655252,1570.9918314144115
1764.22,38.0075,1481.1827349683006,1487.1688461313731,1494.2670906262908,1503.156646296411,,,1545.8176485110907,1553.6797159992536,1559.6274389891764,1564.6141187415635,1569.0091654870741,1572.8813339320077,1478.3972944706054,1484.078246814521,1490.5606352598882,1498.293341088824,1509.0707925122801,1526.2556205473904,1540.5035623841334,1550.1478867344008,1556.794374553854,1562.2183985185202,1566.8869727526676,1570.9871324608926
1787.7,37.9904,1481.1814844858375,1487.1794608456544,1494.2768543065033,1503.1838867958897,,,1545.8239624651271,1553.664468845901,1559.603576828594,1564.6045727772268,1569.0052195701028,1572.865191539731,1478.4345437445284,1484.0964523655355,1490.5726637242758,1498.3242461396508,1509.0785357697307,1526.2141947576426,1540.452087870312,1550.1187331614753,1556.7806256515728,1562.2036393746928,1566.8714355976517,1570.9683911053066
1811.17,37.8913,1481.1961724929222,1487.1765583753072,1494.2799098185992,1503.1863066654778,,,1545.7715219207241,1553.6568903248249,1559.5878809051258,1564.5989427543961,1568.989661213908,1572.8517352665076,1478.4450320808264,1484.102538791498,1490.5857350007561,1498.3414930696078,1509.1243648251982,1526.2741748857534,1540.4344665295316,1550.109945547404,1556.7701292527395,1562.1894781455387,1566.8607133692765,1570.9629377488588
1834.65,37.789,1481.2076566913272,1487.2012654157995,1494.279993348078,1503.173111088965,,,1545.7710207001865,1553.628160135133,1559.5962893127528,1564.5945779094504,1568.9888809052914,1572.85419721228,1478.4411049013165,1484.1063453202403,1490.5862058550758,1498.3463920477789,1509.1102159220702,1526.2118182617698,1540.4533712595073,1550.07929484124,1556.7615940584349,1562.1877266542776,1566.8625793711556,1570.9621797421114
1858.12,37.7513,1481.2099956977345,1487.2199557693787,1494.2728735649127,1503.2172332827013,,,1545.7513310788138,1553.6243051505462,1559.5699930977205,1564.5841801408262,1568.974435835537,1572.8420191050204,1478.4497676116766,1484.1132378743034,1490.595115755761,1498.3383345144848,1509.1747374856345,1526.2306211828661,1540.4256744787303,1550.0612662434828,1556.7394830557296,1562.177814390447,1566.8489155815007,1570.943474012249
1881.6,37.792,1481.201949558773,1487.1952842772437,1494.2988253858898,1503.1905410617749,,,1545.7647866429074,1553.635406770549,1559.5694803484228,1564.5902605164429,1568.979818483242,1572.845682048789,1478.4439183709185,1484.1260845970533,1490.6110521545743,1498.344517928002,1509.2070914100248,1526.301847891219,1540.4134188759417,1550.063100743984,1556.7545904549622,1562.1771453908589,1566.8542537269075,1570.9496694732907
1905.09,37.6347,1481.205366196864,1487.2344920529824,1494.2956738097696,1503.2297641991188,,,1545.767808027111,1553.6203353174883,1559.5517156051317,1564.5760155236862,1568.9644537028132,1572.8313916419154,1478.4532987599473,1484.1229359988754,1490.6168077508419,1498.3655772422164,1509.1366855020851,1526.2192913601016,1540.3939365401334,1550.0559996202771,1556.7316395897758,1562.1631868002917,1566.8363595135163,1570.9358621359297
1928.56,37.6036,1481.2131071178183,1487.2210891482355,1494.3158521823887,1503.20423648825,,,1545.6904970929859,1553.6063779133376,1559.5408133979515,1564.572651370134,1568.9627880967464,1572.8238469460373,1478.4636609454085,1484.1241971450393,1490.623348810795,1498.3489746044143,1509.2794963188032,1526.2740130656234,1540.3716472147191,1550.040514564605,1556.7234477929767,1562.1497834302918,1566.8300513583738,1570.9275434770707
1952.04,37.5183,1481.2168135931752,1487.231619443287,1494.3120505854195,1503.2308035461253,,,1545.7052160439118,1553.585745687659,1559.5301412388435,1564.5513755728352,1568.9614645629897,1572.8135518851218,1478.4584437571393,1484.1285665072357,1490.6365050840698,1498.3739647333184,1509.2559009368624,1526.2877765094859,1540.3118941908258,1550.0174290329,1556.6981500426737,1562.1430829304575,1566.8168008547268,1570.9173544460502
1975.52,37.4957,1481.224774462224,1487.22810471362,1494.3402385605887,1503.2495869419745,,,1545.69045559241,1553.575565460393,1559.5244305932192,1564.5483117866859,1568.9407741314242,1572.812283063819,1478.4659829391742,1484.1364909286642,1490.639183793215,1498.3828210139498,1509.2865490691013,1526.2419767012946,1540.3075496389727,1550.0029554146602,1556.6897493085949,1562.1366733586153,1566.81109183107,1570.9157925883587
1998.98,37.4286,1481.230327447955,1487.242304585077,1494.3243309179795,1503.2370495716557,,,1545.6811273064734,1553.5780309901409,1559.517755357211,1564.5499588253304,1568.928973878807,1572.804717917473,1478.4779861527697,1484.1519154780042,1490.6522573028171,1498.400465803716,1509.245282505129,1526.2492066594534,1540.288849557004,1549.9863799705747,1556.6865992964542,1562.1336905470382,1566.8030140892108,1570.9078998230525
2022.47,37.2676,1481.22590863839,1487.25554026732,1494.3435138357343,1503.2488809180963,,,1545.6525310722357,1553.545013146809,1559.5047444968156,1564.5381441131358,1568.9264451971565,1572.7957650870596,1478.4843615769917,1484.1611263577427,1490.6666039369372,1498.4098228388505,1509.244479285048,1526.195658477394,1540.2602698770788,1549.9722232020608,1556.6753961897539,1562.1121801847814,1566.7951705489645,1570.899230906247
2045.94,37.2372,1481.255149621126,1487.2676956106086,1494.3337525369138,1503.2364433427583,,,1545.6046890795565,1553.544579671818,1559.4883629511262,1564.5246231830495,1568.9205078783225,1572.7923956050852,1478.482730571353,1484.1553740792713,1490.665647597276,1498.4140529225085,1509.3227660191246,1526.1918723264232,1540.2235326626837,1549.967814737548,1556.6595622950986,1562.1068343109425,1566.7850003238225,1570.895531620959
2069.42,37.1302,1481.2581893471915,1487.2499864058739,1494.3389225941035,1503.2923129364488,,,1545.6599918897,1553.5507481916497,1559.498957613345,1564.5238953582343,1568.9161969229367,1572.7883521995645,1478.4897924186948,1484.168096166767,1490.6627290699034,1498.4176511788426,1509.3302024865382,1526.2792493761497,1540.2464462400426,1549.9589831119865,1556.6591085835537,1562.1036155797667,1566.7876035160807,1570.890561322658
2092.89,37.0964,1481.254811904919,1487.2648345467967,1494.382181573477,1503.2918843848456,,,1545.5849930825855,1553.5378112114395,1559.4744800176918,1564.510188485758,1568.9083485450687,1572.772404116911,1478.4918072038447,1484.174811560201,1490.6800026815654,1498.4283166604193,1509.401683849714,1526.2290431902866,1540.2179250389745,1549.9442695205707,1556.6418286635155,1562.0896288582333,1566.7733886353335,1570.8746981716056
2116.37,36.9917,1481.2722224399936,1487.2725884749357,1494.3662256848377,1503.2977971125995,,,1545.5548256542,1553.5089942401194,1559.458449796705,1564.4921901478858,1568.8841102422277,1572.7673226985935,1478.5040897986803,1484.1798982108935,1490.6845358489957,1498.45562766801,1509.4730157970932,1526.2349341101494,1540.210014697819,1549.9156055488083,1556.6217131938427,1562.0746793228204,1566.763500597978,1570.8648852290457
2139.85,37.03,1481.260951272814,1487.276989340845,1494.3807940839124,1503.3768880360556,,,1545.5881214803492,1553.5089828442126,1559.4572262805682,1564.4947591710838,1568.8855551807999,1572.7648944073392,1478.4974834673646,1484.1817918994393,1490.6842349432575,1498.4382916094946,1509.4402530925995,1526.1946207355238,1540.182586029521,1549.9219014073385,1556.6266202255829,1562.071103253785,1566.7618082694803,1570.8681553575839
2163.33,37.0489,1481.2593348577295,1487.311095392648,1494.3931649916842,1503.3245021877135,,,1545.5336746486498,1553.507851800591,1559.4621318148465,1564.4891515647,1568.892471517387,1572.7587838049687,1478.5029160916529,1484.195330403364,1490.690366264812,1498.4621828228242,1509.4387851200754,1526.3406988371944,1540.179717621618,1549.9035473719591,1556.6248253758922,1562.0735309668787,1566.751468272214,1570.866937306568
2186.8,36.9093,1481.2746387384811,1487.2977203687724,1494.373323640174,1503.3873531724182,,,1545.5381024289136,1553.4927615330769,1559.4448376489931,1564.481448939855,1568.8799085496867,1572.7581107952537,1478.5179731424864,1484.1973867850545,1490.7039369969755,1498.4653390695144,1509.4869858067066,1526.220890165593,1540.1859330415568,1549.9071102230362,1556.6171756270614,1562.0648066001297,1566.746263415664,1570.8571731806903
2210.27,36.8729,1481.2796968223745,1487.3126661072945,1494.3980380603973,1503.3854195114552,,,1545.5172313312482,1553.4600510216571,1559.4306287604013,1564.4676401581746,1568.852537383108,1572.746724577405,1478.5122350322345,1484.1954358565051,1490.7019282686406,1498.4769872596873,1509.5068023943345,1526.232054505217,1540.0804716320777,1549.878167563129,1556.595044209042,1562.052155962687,1566.7355682153654,1570.8494568263923
2233.75,36.816,1481.2823004736886,1487.3202747985913,1494.4097607820406,1503.411176113371,,,1545.5013697128481,1553.4767025046133,1559.4235020339522,1564.4720768546622,1568.8530319840995,1572.7378850866894,1478.5202181471443,1484.217742918853,1490.7220685583306,1498.4892739384236,1509.51918448595,1526.345344062677,1540.1207581432086,1549.8620858213455,1556.5863210340078,1562.0400755183223,1566.7272189667167,1570.8452293205241
2257.23,36.8072,1481.2897131846105,1487.3201292560398,1494.4115368616283,1503.3872911830151,,,1545.49720368392,1553.4733630811402,1559.4232400509054,1564.4590117512337,1568.8514272598604,1572.7362833232426,1478.5203682919782,1484.2110882397321,1490.7149567849403,1498.476945247087,1509.513964540582,1526.2818136698809,1540.1370870459218,1549.8673818780853,1556.583352124175,1562.0371528184678,1566.728137912093,1570.8358689963425
2280.7,36.6934,1481.3115532514169,1487.3181269053239,1494.4333831869365,1503.346590586117,,,1545.4971435720242,1553.4310055547846,1559.4071003572626,1564.4464750903762,1568.8492433866943,1572.729300448038,1478.5386615851053,1484.2054855247695,1490.7153812233962,1498.5040815517518,1509.587078260483,1526.3360969196094,1540.0551257355462,1549.8467844604513,1556.5760056341192,1562.0303657706172,1566.7148441427198,1570.831206933198
2304.18,36.5568,1481.3066318677368,1487.3255794682793,1494.4246689780232,1503.4528854458604,,,1545.4866495642755,1553.4191081274917,1559.4007522732836,1564.4310807636816,1568.829622659639,1572.720494275511,1478.529725740624,1484.218247327632,1490.7319816587585,1498.4990285271683,1509.6026840973154,1526.3684255452529,1540.0920620345507,1549.842639793988,1556.561343964871,1562.0196929757274,1566.7114928980045,1570.8228961056934
2327.66,36.5955,1481.3258187766235,1487.342128589926,1494.4534912876343,1503.496433632285,,,1545.4539086484874,1553.3958188851723,1559.3714484158402,1564.417689865127,1568.8188854440432,1572.7112355020065,1478.5392036599296,1484.2338696531735,1490.7611032749692,1498.5241151469295,1509.5992996314922,1526.226428336563,1540.032732133461,1549.8194705480382,1556.540826474654,1562.0011318289942,1566.6944328693637,1570.804351414455
2351.14,36.2776,1481.321660770547,1487.3421453439094,1494.45307744331,1503.4612338615766,,,1545.4099572899588,1553.373650673324,1559.3661948881193,1564.4124463605929,1568.8170381208374,1572.7088456319375,1478.540003502113,1484.2366818308278,1490.7619466468743,1498.5197837415876,1509.6501491765018,1526.1607553201347,1539.9925073351988,1549.8175668902768,1556.5365578433134,1561.9918412610746,1566.686455705798,1570.8062321731686
2374.61,36.4551,1481.3329196220118,1487.3495125759828,1494.4628647750742,1503.4594406475924,,,1545.4328355998998,1553.3709217905794,1559.3618692896603,1564.4233080295369,1568.8137755514445,1572.710650514696,1478.5325184114238,1484.2412759571782,1490.7583465003238,1498.5367377794018,1509.6479648425238,1526.2152429308665,1539.984042280678,1549.811312118887,1556.5312245162686,1561.9962501580278,1566.683298168012,1570.806190501886
2398.09,36.4338,1481.3288772125636,1487.3525880065356,1494.4502006278065,1503.467164682094,,,1545.4199989531492,1553.3598181414566,1559.3633223060576,1564.4056270688936,1568.8100404208064,1572.6972052849878,1478.5430447736287,1484.244000316759,1490.7511695632584,1498.5565976491341,1509.6308834860406,1526.3222424242424,1539.9739709323944,1549.7928638066144,1556.5221955804197,1561.9893493064806,1566.6830801838119,1570.802682775175
2421.56,36.2871,1481.3494308941092,1487.355323412177,1494.4704270029645,1503.556823612601,,,1545.3669405007006,1553.36030425727,1559.349753152829,1564.3948981234578,1568.7872910804522,1572.6869556716965,1478.56541219662,1484.2493058009816,1490.7812152999818,1498.5452324624061,1509.702919266226,1526.3356253758816,1539.9680941363747,1549.7920350465477,1556.5134415767764,1561.9669165919204,1566.6707180796607,1570.7890574940961
2445.04,36.269,1481.3307661115502,1487.3603000330522,1494.4757695986043,1503.5778241037433,,,1545.3616059328976,1553.3302247674742,1559.3478852700575,1564.391030776103,1568.7852741751628,1572.6785208623621,1478.567224784355,1484.2531190601385,1490.7789043218734,1498.5591465227826,1509.6528749671606,1526.2225216337297,1539.9588717114186,1549.7836066881644,1556.493739157216,1561.9671893496454,1566.6555563190886,1570.7769214488526
2468.51,36.1665,1481.3366943561955,1487.3760464804425,1494.4611338254663,1503.583414195226,,,1545.3359233454555,1553.318255122002,1559.3416043635693,1564.384199917825,1568.783360141889,1572.6784796201293,1478.5709926965394,1484.2689606259548,1490.7887944683364,1498.567216698241,1509.6852838897166,1526.3324847022977,1539.9331944473925,1549.7673980573436,1556.492287610133,1561.9554415401897,1566.6568216768214,1570.77268305268
2492.0,36.201,1481.346852134935,1487.3802081630522,1494.4827350319554,1503.5754328947207,,,1545.3253245095798,1553.3243902785791,1559.3245702481004,1564.3787010961069,1568.7721076327337,1572.677043093523,1478.5705919238492,1484.2676073868074,1490.7924243321613,1498.582252432312,1509.7003936397261,1526.362434433436,1539.9216526977575,1549.7598943940416,1556.4834942983578,1561.952841183599,1566.6462930347793,1570.7679142844156
2515.47,36.133,1481.3649044304045,1487.3818959680664,1494.5113985981263,1503.6575457735416,,,1545.3051471488475,1553.298625241359,1559.3083898535667,1564.3550931837538,1568.7608325054925,1572.6596675639985,1478.5820182276798,1484.2899461728093,1490.8073824594042,1498.6047733559662,1509.7171374725247,1526.246958306778,1539.9071287022377,1549.7458110918978,1556.466943598067,1561.9536340303139,1566.6411617439353,1570.7543171284988
2538.95,36.0542,1481.3759750226657,1487.3938016386096,1494.520659252515,1503.6663827729112,,,1545.301283465622,1553.308961230278,1559.3057526839405,1564.353352289717,1568.7602059779147,1572.6625667578026,1478.5771618997971,1484.2820265580785,1490.8093292130434,1498.592186728213,1509.7604591972129,1526.3776635099962,1539.9254707555401,1549.7292722013483,1556.4620297926162,1561.9366278146074,1566.6328140130668,1570.761998111909
2562.42,35.9376,1481.3730946306134,1487.3774886321996,1494.5004606979733,1503.706490002668,,,1545.2623953541856,1553.3022917305652,1559.303564689048,1564.350047338989,1568.7483025152019,1572.6555508963324,1478.5665843234199,1484.28503457034,1490.820773710187,1498.6045013181897,1509.7783511843234,1526.3509662445429,1539.8849492552263,1549.7270772161332,1556.4515892482923,1561.9280629488924,1566.633658984991,1570.7479316681492
2585.9,35.9214,1481.3797982515355,1487.4235773815024,1494.5421446084392,1503.701132064433,,,1545.252498882182,1553.2722074269109,1559.2887806123788,1564.3411857259077,1568.7444456147423,1572.6473093638833,1478.5952705834027,1484.2788058593983,1490.8276331145614,1498.6276072868757,1509.7815696028085,1526.252036649482,1539.8481686197656,1549.701986273036,1556.4397804363248,1561.9212864146195,1566.6140062571023,1570.7390086162773
2609.37,35.8971,1481.3836900556416,1487.4028648550207,1494.5160734621682,1503.6784704516788,,,1545.2462674177482,1553.255926033315,1559.2771448281862,1564.3294469658013,1568.7310732625517,1572.6386179895874,1478.5994794855603,1484.3015045263796,1490.834920776215,1498.6392186149092,1509.7906375487305,1526.356773141688,1539.8544386464619,1549.6938901478043,1556.4256356523445,1561.910707186968,1566.6090921501952,1570.7320051807058
2632.85,35.7083,1481.3898561947785,1487.4086345062558,1494.5293491934378,1503.7009635592078,,,1545.2178243665985,1553.265421989874,1559.27358938266,1564.3263323534961,1568.7233042451942,1572.6461339985046,1478.607901926815,1484.3030151498283,1490.8336133048256,1498.6289824846622,1509.8151963061675,1526.2947219821194,1539.810802817127,1549.6833096144633,1556.4261325858324,1561.906948841878,1566.6048753886562,1570.7265479750092
2656.33,35.7037,1481.3993201175977,1487.4247868818284,1494.5717482972234,1503.7256060578043,,,1545.2175276430753,1553.2442721810874,1559.266384000501,1564.3167642209944,1568.721763384237,1572.6222599650423,1478.6010096385521,1484.3079156111476,1490.8582555816618,1498.647222168537,1509.860664281576,1526.3618765048352,1539.7909499424456,1549.676376373207,1556.4108282983213,1561.8897026631303,1566.5980381739375,1570.715882887911
2679.81,35.6869,1481.394422501212,1487.4278817089478,1494.5483868634142,1503.7318176992387,,,1545.2054182090649,1553.2494709298287,1559.2649359955487,1564.3098043904429,1568.714880106792,1572.6222788973448,1478.608350927124,1484.313439919458,1490.8546104202856,1498.6495805760685,1509.900864906732,1526.2721654986249,1539.773007754653,1549.6648891948182,1556.410473653691,1561.8926276329883,1566.5902411359027,1570.7175278576824
2703.29,35.6674,1481.3891553177414,1487.4198924303146,1494.561575581074,1503.7140799208973,,,1545.2002015580947,1553.2186890421053,1559.2476785123238,1564.2966001006778,1568.7031292209015,1572.6109826578627,1478.6120246294931,1484.3179081396581,1490.8632697148996,1498.664562492934,1509.876741287818,1526.3133232428581,1539.7694951331691,1549.6639472230631,1556.394826322996,1561.881899309939,1566.5829475021305,1570.712073389733
2726.76,35.5378,1481.4079068104238,1487.4465129383611,1494.548800330012,1503.7654657366588,,,1545.1590202742707,1553.2282512366824,1559.239652954826,1564.2966601815233,1568.6952137834405,1572.6038795266595,1478.6206205783465,1484.3270113214355,1490.8578181174605,1498.6621073458557,1509.9840720856384,1526.298181955436,1539.72642417585,1549.6336919844039,1556.387054094877,1561.873714429196,1566.5759770009847,1570.7041910541702
2750.24,35.5285,1481.404229019034,1487.4352172452664,1494.573043669089,1503.7525723394417,,,1545.1444132935944,1553.2176867565865,1559.2528093226429,1564.2880371824062,1568.6892356747196,1572.602959477409,1478.6108128360054,1484.3201442652394,1490.8735770854487,1498.676462206255,1509.9286449117321,1526.245424407212,1539.6964839897682,1549.6211897726698,1556.3851653060028,1561.874526476598,1566.5693415015467,1570.6952186894187
2773.72,35.5902,1481.4068622437594,1487.452531039115,1494.5852828794284,1503.7484117245947,,,1545.1821329603188,1553.1928216372944,1559.2325905664466,1564.2872868117458,1568.6756759901969,1572.5932502385203,1478.635973094563,1484.3460289423708,1490.867251628209,1498.6951735582554,1509.9562119615389,1526.3246382749062,1539.6958643923851,1549.6178979510762,1556.3722918492824,1561.8650326897932,1566.5675308789614,1570.6903668452985
2797.19,35.4906,1481.4171179173302,1487.444062433379,1494.5703143288663,1503.7973524998692,,,1545.143159803782,1553.1814475686795,1559.2271978296737,1564.2674286547526,1568.6684992344876,1572.5832904011172,1478.635727335042,1484.340667856896,1490.8862948192461,1498.7072790815187,1509.9632463139988,1526.3835873364426,1539.6444579093352,1549.6164158707275,1556.3692579712515,1561.850853021595,1566.5662307956497,1570.6820284726136
2820.67,35.3962,1481.4157437310178,1487.4570384212598,1494.614634511745,1503.812379770133,,,1545.1357669832282,1553.1616551669263,1559.2172723822691,1564.2632644775897,1568.661025487494,1572.5778337023344,1478.6482127222775,1484.3444402660289,1490.8847629179772,1498.7210140932198,1510.0814020178095,1526.2462430810722,1539.6276331039126,1549.589493442727,1556.3589566745309,1561.8507421410598,1566.552551941834,1570.6718501104613
2844.15,35.259,1481.4137948278906,1487.4629479637183,1494.624437100594,1503.839154493314,,,1545.105002386423,1553.1532744977337,1559.2010033246127,1564.2571850473694,1568.6558258480527,1572.5676777915496,1478.646898500119,1484.3374509116068,1490.9172551998809,1498.748023333697,1510.072485021468,1526.3398408017651,1539.6417111698852,1549.5767835628365,1556.3445059062024,1561.8364839210706,1566.536513507507,1570.6625235792428
2867.62,35.2773,1481.4219950746867,1487.479219303762,1494.6082671151742,1503.7811391751927,,,1545.1130515069822,1553.151710133488,1559.2029244199202,1564.245398970817,1568.6438977032926,1572.5645104009573,1478.6430140707519,1484.3559910733445,1490.907811940888,1498.7210277716722,1510.062604626046,1526.3537728552362,1539.6140804225406,1549.568779513636,1556.350632919951,1561.8323309605184,1566.5418485599891,1570.6602668151197
2891.09,35.2595,1481.4307555096045,1487.478965445674,1494.6199851694378,1503.7868204165732,,,1545.110833845133,1553.1352172268028,1559.1977275627764,1564.2518143615484,1568.6435408070195,1572.5579698254016,1478.6474629212323,1484.3560741474632,1490.8997526132036,1498.726251558699,1510.0966566800487,,1539.6022583516287,1549.5718275496993,1556.348153556448,1561.8341376063943,1566.5350554982706,1570.6606661586945
2914.57,35.211,1481.434311444554,1487.4991350157084,1494.6255579395686,1503.8387753845395,,,1545.1145834387141,1553.1337209199753,1559.1934924083987,1564.2263734106537,1568.637524228525,1572.5440994076985,1478.6585367822388,1484.3623808020018,1490.9065973882557,1498.7759663612217,1510.1205307131247,1526.388492416721,1539.5927873272665,1549.558621608562,1556.3389939312403,1561.8123910808276,1566.5195058071486,1570.6556919438526
2938.05,35.1326,1481.4423629218813,1487.5061443900515,1494.6313711881558,1503.8224433203081,,,1545.0890155590553,1553.1156061918898,1559.1842325151342,1564.2306943024287,1568.6244870072703,1572.552637593572,1478.6687642257227,1484.3597783287848,1490.9296888665838,1498.7594583394996,1510.148041525833,,1539.5764715903713,1549.5412306832513,1556.3113110816364,1561.8017435261625,1566.5174182140115,1570.6394690054276
2961.53,34.999,1481.439967790679,1487.4902483282938,1494.6414078049331,1503.8413736143477,,,1545.0857005527666,1553.1024232062368,1559.1713465089224,1564.2152353665754,1568.6235459639654,1572.5396724633154,1478.6783426157992,1484.3754903548083,1490.9274255634298,1498.7921318760993,1510.131655489842,1526.386175586355,1539.5405169035791,1549.5339385108484,1556.3018380561227,1561.7970900651492,1566.5064560523165,1570.6386818454316
2985.01,35.1077,1481.4454486373254,1487.513179534222,1494.6451086381105,1503.8619999265086,,,1545.073752023958,1553.1082851919798,1559.1717752523753,1564.2125396993142,1568.626189953998,1572.5389300439142,1478.6702712710194,1484.3698355202055,1490.9099507913909,1498.7788911039122,1510.129103190736,1526.3337845857131,1539.5564321104569,1549.5193964618866,1556.3061706411067,1561.802403700635,1566.506937016117,1570.6321787592067
3008.48,34.864,1481.4506497622565,1487.5114815147433,1494.648987212744,1503.8760473100076,,,1545.0753088011609,1553.1016155054992,1559.1622414310443,1564.2081276987878,1568.6178407089908,1572.5283489037972,1478.6819049096484,1484.3802514467402,1490.9363881088325,1498.7614507423482,1510.1359407244229,1526.378883573241,1539.5514500963989,1549.5217268864535,1556.2984909857694,1561.7779060348573,1566.503691470516,1570.6288489631436
3031.96,34.9009,1481.4514831179465,1487.5242291739867,1494.645831577746,1503.867793724497,,,1545.059478286627,1553.073987855241,1559.1647475434033,1564.1975529610072,1568.5978864704118,1572.5174962187134,1478.6916027349207,1484.3982823042863,1490.9518635233792,1498.8108791545944,1510.1762711041888,1526.3537592722855,1539.4771289017858,1549.5007896114557,1556.2849925272985,1561.7763319371625,1566.4872199577842,1570.6170973338892
3055.44,34.8886,1481.4733393913605,1487.5172532511986,1494.6511175067694,1503.870212408957,,,1545.0324228687066,1553.0770161963599,1559.1572401989765,1564.1906205506245,1568.6016479781804,1572.5178856607388,1478.695651273179,1484.3867986182977,1490.9454746394945,1498.8046282697921,1510.1712739743427,1526.42127880394,1539.4797305889936,1549.4888045262708,1556.2833390196524,1561.768719816935,1566.4821204202656,1570.6146128611156
3078.91,34.9274,1481.4608741555492,1487.5418447991494,1494.6630921114136,1503.8932314292035,,,1545.0510529270082,1553.0808620329021,1559.151057227373,1564.187571919487,1568.5982657063948,1572.5164037804602,1478.7000466568593,1484.3926860624426,1490.9627453316457,1498.8226468306077,1510.146768430678,,1539.4978787685284,1549.4920583132166,1556.2732108565933,1561.7660971784567,1566.4876375114575,1570.6143159546043
3102.39,34.7687,1481.479051599953,1487.5460344520332,1494.6707271279658,1503.9172891041378,,,1545.027571105743,1553.0581143423587,1559.1314436556565,1564.1741801757416,1568.5853541405709,1572.5052495669515,1478.703031285484,1484.401975721677,1490.9647508723476,1498.8342376905414,1510.214227299208,1526.3773364935932,1539.4725488082083,1549.483230460643,1556.2549627851579,1561.7522906684978,1566.471278875496,1570.6040888749822
3125.87,34.7579,1481.4579418667213,1487.5663564643567,1494.6676790522401,1503.8930407064065,,,1545.0188855995782,1553.0578831302685,1559.1320058431384,1564.1696811217757,1568.5800254509052,1572.5018794278667,1478.695468300684,1484.4114843463992,1490.9549982140509,1498.8430820109131,1510.200026948069,,1539.4348230206515,1549.4572192333221,1556.255429518671,1561.7478939263278,1566.4702851057714,1570.59840539158
3149.34,34.5803,1481.4878966101098,1487.5674176451498,1494.6851488191808,1503.9090997940475,,,1544.9768175941983,1553.0562192918917,1559.1137802345893,1564.154913688177,1568.5724880446023,1572.4868920819163,1478.709273798963,1484.4155429484658,1490.9809777415699,1498.8586664077397,1510.2691286864042,,1539.3770945979466,1549.4418492785044,1556.2441656224428,1561.7358014847036,1566.4565570093587,1570.5874124096329
3172.82,34.6802,1481.4762512226775,1487.56589013219,1494.6732381447505,1503.923941982667,,,1544.9717798250347,1553.0248315988497,1559.1139244870703,1564.149716794743,1568.5685486282666,1572.4867710839926,1478.7000024193521,1484.4219721767224,1490.970337054935,1498.870951447667,1510.2340096613516,1526.3902541408768,1539.4054906661402,1549.4208863540962,1556.2374350114458,1561.7337528205924,1566.4543697712302,1570.5852457344768
3196.3,34.6041,1481.4797492600069,1487.572236568121,1494.6904613281172,1503.9306494264222,,,1544.9735537539239,1553.0297173061006,1559.1156681193975,1564.1458743382327,1568.5649254434604,1572.4840839747774,1478.7152806357235,1484.408391082256,1490.9870215299793,1498.8850535875918,1510.2171884106235,1526.3066594269958,1539.41033348398,1549.4472526838279,1556.2313075791353,1561.730523803668,1566.4479352260616,1570.5860884988058
3219.77,34.5852,1481.4973500854649,1487.568367246306,1494.6832114825197,1503.9446006854514,,,1544.9350048726476,1553.0125493174944,1559.1045543145624,1564.1426019061641,1568.5609930430023,1572.4800109338016,1478.718335518543,1484.4177795162616,1490.9913802362744,1498.8726311628598,1510.2319050792241,,1539.4266175052494,1549.4161105207047,1556.2316038264973,1561.7272113246192,1566.4418862157017,1570.579461726437
3243.26,34.493,1481.4858166497486,1487.6008478369574,1494.6861225594214,1503.9254321017333,,,1544.937293099535,1552.999590845014,1559.0925848881263,1564.1289021053417,1568.5501475974875,1572.472806279639,1478.7343143488092,1484.423690224181,1490.9840295784159,1498.8847169382277,1510.3067096589887,,1539.3736256547618,1549.4060546146907,1556.2179704378739,1561.7175207938217,1566.4311702443697,1570.572278545492
3266.74,34.4661,1481.501980584446,1487.5878776018621,1494.705252025222,1503.9252619749263,,,1544.9299382864772,1552.9938425457085,1559.0838343350445,1564.128981451247,1568.539670278574,1572.4666622310804,1478.72607254069,1484.4373543924612,1490.9966473088332,1498.884606622308,1510.2778639225635,,1539.372400901566,1549.3907340792714,1556.2166632126143,1561.7115438047854,1566.42928812812,1570.5556047294256
3290.21,34.4267,1481.495472675602,1487.5746242242699,1494.7101315411649,1503.9756506821068,,,1544.9368045111307,1552.9900819287382,1559.0861559551602,1564.1215773846582,1568.5334009754988,1572.4572030477993,1478.724714136736,1484.432990640046,1490.9912281573293,1498.9023281353186,1510.3158223998155,,1539.358021370746,1549.3864644115358,1556.202723145621,1561.7071709763975,1566.4284273793862,1570.5584425659742
3313.68,34.3412,1481.5141703605682,1487.6080876549686,1494.7025704869732,1503.9571367625126,,,1544.9301925119075,1552.9660107117531,1559.0623721502805,1564.1124801786402,1568.5340761351458,1572.452815724105,1478.7262594584731,1484.451162695687,1491.0083269823735,1498.9413075222585,1510.345857805081,,1539.3066585428107,1549.3578224175021,1556.197011747955,1561.6895481025276,1566.4156153838996,1570.5476579707872
3337.16,34.3001,1481.4986599963818,1487.5916598630229,1494.7284995751409,1503.9622177699869,,,1544.8817473053102,1552.9733838158047,1559.0599765973816,1564.1136700129186,1568.524164870374,1572.449314390724,1478.730986383366,1484.4446215810417,1491.008335788634,1498.9295601423992,1510.3217438043584,,1539.3287303717118,1549.3550489322392,1556.1864759386856,1561.684108666756,1566.4075037786192,1570.5484806933314
3360.64,34.2298,1481.5248505014956,1487.628658333423,1494.7140722254196,1503.9877640145392,,,1544.8803071694279,1552.9592845155714,1559.0581551079804,1564.0896263542907,1568.5147664289989,1572.4390598963023,1478.7363849679123,1484.45335629132,1491.019494828888,1498.9446314138002,1510.3497695610688,,1539.2862390303485,1549.32747879706,1556.1876706720957,1561.6859324113236,1566.3980741168832,1570.5360687064822
3384.12,34.1716,1481.5199851508053,1487.6488085358271,1494.747697916322,1503.9913421412346,,,1544.8461735972398,1552.9280901732213,1559.0452647295788,1564.0858358901871,1568.5086952344832,1572.4350292862,1478.7676504465392,1484.460060391028,1491.0449195626518,1498.9896846933677,1510.3699067234438,,1539.2843485962028,1549.3201838228738,1556.1708009133538,1561.667418257986,1566.3888381446648,1570.5256627799683
3407.59,34.0647,1481.5191175141224,1487.6258107224119,1494.7213487029358,1504.0028271913773,,,1544.83618482774,1552.9388116249531,1559.0377665871915,1564.0817663020134,1568.5065137832814,1572.4317406203677,1478.7545179787924,1484.4574704972272,1491.0377246489236,1498.9857607906886,1510.3752726171786,,1539.2596678199918,1549.3148017343296,1556.1722148601375,1561.6607087340112,1566.3868493660082,1570.5261044633103
3431.07,34.0266,1481.527216594721,1487.6287756318945,1494.7224412558414,1503.985172286625,,,1544.8530150619333,1552.9249036902586,1559.0212277682158,1564.0696993174358,1568.4960939475188,1572.4206559571905,1478.7462051745733,1484.468128584863,1491.035866329643,1498.96791011648,1510.4120569465726,,1539.2485652971409,1549.299097700105,1556.168986386761,1561.660817425208,1566.3805075877474,1570.521731096871
3454.54,34.0908,1481.5414492938721,1487.6549295038863,1494.742442370443,1503.9920377423664,,,1544.8468518650343,1552.9119688548249,1559.0177161751394,1564.064592480503,1568.4985695203566,1572.4159260752888,1478.7678853380667,1484.4750411599398,1491.0557471931502,1499.0038087693436,1510.3855989354736,1526.3565549695945,1539.1848415837085,1549.2808090943297,1556.1523403040803,1561.6459542628472,1566.3666266065866,1570.5144668698658
3478.02,33.9835,1481.547996140323,1487.667689189151,1494.751198317312,1504.0047418311299,,,1544.8511070043905,1552.9021404193754,1559.008399511059,1564.0648736944895,1568.488405871697,1572.4076161915953,1478.7599590628206,1484.4995486278472,1491.0522207998508,1499.0186197430191,1510.4275389472373,,1539.1578344691309,1549.286607402643,1556.13601178417,1561.6422974601253,1566.3646422223326,1570.49781881532
3501.5,33.767,1481.528635639081,1487.6527564079554,1494.7367874277827,1504.0102855066152,,,1544.8507303166684,1552.8968921918477,1559.0039587896008,1564.0487687985249,1568.4806000569117,1572.4074547980604,1478.765782895394,1484.4914046021838,1491.0649896049222,1499.0260476460578,1510.4181163036753,,1539.1417889014483,1549.2765576285058,1556.1395540450915,1561.6317479958923,1566.365976346532,1570.5011664378403
3524.98,33.9005,1481.5448572125188,1487.6405803275145,1494.7635995034434,1504.0217682253378,,,1544.7949614548181,1552.8782285987106,1558.9950061077475,1564.0545683272078,1568.4720961313776,1572.3999446239861,1478.7676068248775,1484.5089583585604,1491.0610239420942,1499.0233659667115,1510.4615712102257,,1539.1147277425969,1549.2644170416243,1556.1314422638281,1561.6292909253661,1566.352991281282,1570.4936775433143
3548.46,33.8924,1481.5423730424968,1487.6722812659116,1494.7606552835493,1504.023733661093,,,1544.735503344459,1552.8858244108815,1558.9849892859747,1564.0391631667553,1568.4752416262675,1572.3923670333456,1478.7649701256396,1484.50263329046,1491.0732338991436,1499.0399760730397,1510.4628163179812,,1539.1567828018424,1549.2573205642648,1556.1236997635933,1561.6256676156263,1566.3537873031353,1570.4867727811247
3571.93,33.8085,1481.54940974529,1487.6604978395737,1494.7636434645551,1504.0452800249482,,,1544.7512431229761,1552.8816068175659,1558.9851440127152,1564.0319284094376,1568.4708325516776,1572.3869615886415,1478.7886280176026,1484.5017373711853,1491.0450387356289,1499.0626184007265,1510.4941408575398,,1539.1263266086034,1549.241099931824,1556.1110054611097,1561.6173739101826,1566.3419382198238,1570.4798325009506
3595.41,33.7727,1481.5460679478404,1487.6818676080059,1494.7665941840987,1504.0396173537058,,,1544.7482411006781,1552.8466810259372,1558.9736876488075,1564.0161063692913,1568.455967260222,1572.380290308855,1478.785330413502,1484.53032786079,1491.0790166505878,1499.0676267325941,1510.5250067260915,,1539.052532721718,1549.2326252675527,1556.1035631516788,1561.6057359437484,1566.3255037514755,1570.4700725802459
3618.89,33.7294,1481.5726476516402,1487.6740405810788,1494.7773911465226,1504.0425965033432,,,1544.747426714753,1552.8814597015282,1558.9791407430196,1564.0252414589268,1568.462993673435,1572.3760403489487,1478.7804208293903,1484.5047593656302,1491.0813617075814,1499.0635050913704,1510.4553063619885,,1539.0610183354759,1549.2197372895257,1556.10713590856,1561.6063104906077,1566.3381052345544,1570.4774665838795
3642.37,33.5887,1481.5719643570349,1487.687019456862,1494.7749981550937,1504.0660936628879,,,1544.6756004196448,1552.848216154007,1558.9549443391622,1564.0191965140905,1568.4514463641656,1572.3733096122264,1478.7916219338044,1484.5174071019944,1491.1079081755126,1499.0656995282784,1510.4993592878398,,1539.0482260434237,1549.2169342382847,1556.087721881345,1561.5975849535396,1566.3228958661136,1570.4645747387826
3665.84,33.6661,1481.579334673024,1487.6924525370814,1494.7855768178206,1504.063122504635,,,1544.6698580282743,1552.8383398517599,1558.9489698931395,1564.0099198354455,1568.447472922832,1572.3645513011054,1478.7889837193566,1484.5329376776003,1491.1016824828873,1499.091409672157,1510.533580698768,,1539.0873295747738,1549.2004348645078,1556.0935989314858,1561.588302170973,1566.3212935855074,1570.455545278468
3689.32,33.5307,1481.571529210214,1487.7185198099537,1494.807824955692,1504.0704354831605,,,1544.6546787098446,1552.8387744812806,1558.940147553757,1563.9995665064841,1568.4346666259087,1572.3569854934535,1478.8056611546917,1484.5510353929255,1491.1090799224971,1499.0981087964224,1510.524568458377,,1538.9607579574313,1549.1863959885331,1556.077092520839,1561.5728137938534,1566.3044101448008,1570.4474007108806
3712.8,33.5404,1481.5647503470948,1487.7005454504103,1494.7958431107654,1504.0798344773325,,,1544.6053771963614,1552.8263198682553,1558.9361670846276,1564.0001255238733,1568.441659078904,1572.3551830219913,1478.8098293131688,1484.5549061608235,1491.0973128495916,1499.1054027209548,1510.5675050987534,,1538.9954545454545,1549.178463749916,1556.068992879249,1561.574090010891,1566.3095689980742,1570.44971977701
3736.27,33.4588,1481.586268724645,1487.7036775681995,1494.7928467400345,1504.0966977808682,,,1544.6199574642835,1552.8146437604144,1558.9356189937369,1563.9829413197217,1568.4317727939185,1572.3455447503113,1478.8241565892506,1484.5312029489237,1491.1241817215882,1499.1003689353001,1510.5368775968104,,1538.9827817027817,1549.1605672185049,1556.0658218029243,1561.5700135938291,1566.3001944739892,1570.4355136407648
3759.74,33.4491,1481.5830976751001,1487.7219983544558,1494.810116714838,1504.0788103219181,,,1544.626320502158,1552.8150194706095,1558.9286310535824,1563.9812770785943,1568.4186854403317,1572.3448312390497,1478.8132553853839,1484.5477786981733,1491.13287237313,1499.1032510468972,1510.6128176679924,,1538.9517909160822,1549.1663384009596,1556.052602527421,1561.5634949994924,1566.2911897100291,1570.4351912352595
3783.22,33.4317,1481.588459950516,1487.7239913118829,1494.817323838705,1504.0944862216807,,,1544.604036828443,1552.812891835648,1558.9239702424754,1563.9851798833345,1568.422929036012,1572.3371982408903,1478.827967120267,1484.5531612224352,1491.1241748016141,1499.1095294650727,1510.5867924078075,,1538.9086369709999,1549.156194235583,1556.0542085566847,1561.5568740160716,1566.2886025300738,1570.4383937880398
3806.7,33.3946,1481.5810923374004,1487.7209463320864,1494.8243443097017,1504.1135323735732,,,1544.6103857274588,1552.8085721449888,1558.920303362836,1563.9820830021645,1568.4221869172059,1572.3334244311907,1478.8324726207672,1484.5360468515846,1491.1303741810757,1499.1322397252984,1510.6242908613794,,1538.908939165696,1549.1603204224677,1556.0470326877353,1561.5626156212602,1566.2875534933219,1570.4284057401994
3830.18,33.29,1481.5947650759986,1487.7395695303737,1494.8255805205617,1504.0978100978168,,,1544.5510343476233,1552.7908786852543,1558.9054096431378,1563.9726581904872,1568.4083819923844,1572.3297793087881,1478.8331636387943,1484.5592999421408,1491.1435429041444,1499.121889674415,1510.603429976702,,1538.8929003531287,1549.1290148065802,1556.0402449634817,1561.5480110416506,1566.2715010788195,1570.4277968471129
3853.66,33.3024,1481.5957902297437,1487.7378209785202,1494.8173307438594,1504.11315137927,,,1544.5850866483652,1552.7845491828243,1558.8992333146564,1563.971321593138,1568.410487209584,1572.324275122337,1478.8270218663988,1484.557070449077,1491.1379583446783,1499.131231905743,1510.6146476255465,,1538.842871820574,1549.1209832447746,1556.0306390602907,1561.541380262946,1566.2729543299138,1570.4177464323207
3877.13,33.237,1481.610903600876,1487.7142737298866,1494.8281940570005,1504.1296170110322,,,1544.5476422252125,1552.776348383949,1558.9056064859674,1563.968402683041,1568.3960782283928,1572.3231247304843,1478.8430467038654,1484.5552589983033,1491.159833233989,1499.1488893154951,1510.6552794066156,,1538.8800601894422,1549.10877235698,1556.0275480681985,1561.54148140462,1566.2685205686419,1570.41365318202
3900.61,33.177,1481.6014507981558,1487.771355626784,1494.8401461109127,1504.1122802688737,,,1544.5832058304327,1552.7786481380567,1558.8792497944864,1563.9567476013995,1568.392159550264,1572.3129374007099,1478.8463975758289,1484.5754522686418,1491.148392153408,1499.1411011239177,1510.677297192821,,1538.860429282331,1549.1182333727827,1556.0125331839292,1561.5258311422135,1566.2517571548271,1570.403707223078
3924.09,33.0906,1481.6141466533838,1487.7750358109392,1494.857631281623,1504.1304810968786,,,1544.5197108831662,1552.765328290703,1558.8829860738836,1563.9497725096496,1568.387117530042,1572.3033714227845,1478.8507271496376,1484.5727945727108,1491.1668083273046,1499.1705891246384,1510.6672610869186,,1538.8373871548583,1549.0939839150208,1556.0149185475989,1561.5150736816465,1566.2542152531769,1570.4004125678994
3947.57,33.1812,1481.6244450211084,1487.7734890714148,1494.8364081624247,1504.1301997888127,,,1544.5232989015062,1552.7593933867142,1558.8666540911893,1563.9364031220562,1568.386847714003,1572.2962388051612,1478.8671192415527,1484.5869471364142,1491.1755458874773,1499.147943834023,1510.6648119878982,,1538.8191959698815,1549.0859433083858,1555.9975903657398,1561.513862485655,1566.2344424889359,1570.3924274718227
3971.04,33.0838,1481.6143511394334,1487.7663308300275,1494.8798001442367,1504.1417717591257,,,1544.5150874944932,1552.753892494929,1558.87195982662,1563.937940753796,1568.3768970092162,1572.2934632947668,1478.8590588274358,1484.5855982021158,1491.180601866273,1499.1880255681547,1510.715945456877,,1538.7713948236144,1549.0896911372076,1555.9961028027808,1561.509496692072,1566.23851258943,1570.3923752378398
3994.52,33.0025,1481.6219683029597,1487.7762169597272,1494.855643928371,1504.13549529446,,,1544.51016050239,1552.754224128542,1558.8641612297452,1563.9384461379927,1568.3810193640716,1572.2922238916515,1478.8488480118256,1484.593649354472,1491.1729341575283,1499.1767015512569,1510.7665864279666,,1538.7899384990337,1549.0788175188,1555.999330171209,1561.5069347557667,1566.2308010426743,1570.38744598307
4017.99,32.9332,1481.6378673470906,1487.7915920582188,1494.877790680528,1504.1994084348037,,,1544.4860725481415,1552.7428554363275,1558.8518766836091,1563.9261660597367,1568.3681581620456,1572.278407729248,1478.8538016797454,1484.5855070823175,1491.194630450058,1499.185809567913,1510.7597088995888,,1538.7459901344057,1549.0691853372646,1555.9772920297567,1561.4928647719585,1566.2273250349806,1570.3766835925487
4041.47,32.96,1481.6347571640838,1487.7906752700414,1494.8722430070554,1504.1813244049108,,,1544.499618082194,1552.7268409678827,1558.8505368170875,1563.9233937784138,1568.36564338264,1572.2806100662867,1478.8639729496458,1484.5969060842658,1491.2069574940326,1499.1965679706657,1510.7592609218314,,1538.676119062017,1549.0461329329717,1555.9778638642958,1561.4796471121817,1566.2254904547285,1570.3731178050757
4064.95,32.8335,1481.6393343898178,1487.7909156664662,1494.8726791550394,1504.1646627044888,,,1544.5015386122852,1552.723687994374,1558.8423269153375,1563.926281752408,1568.3625931209544,1572.2756540952582,1478.8704373267042,1484.6091727619612,1491.1942742580918,1499.2075325193036,1510.777860374919,,1538.759800905823,1549.0350613007172,1555.976422730578,1561.4895000145134,1566.225338748377,1570.3740918808915
4088.43,32.8612,1481.6299322905209,1487.8043311798676,1494.870028105566,1504.1784616193777,,,1544.4666673493807,1552.7218328194108,1558.8312743308868,1563.9153894628664,1568.3553641411202,1572.2675286300994,1478.8695619686841,1484.6138384106687,1491.2202388753387,1499.217613045719,1510.792266457252,,1538.694040878237,1549.0305496722472,1555.9671802505845,1561.476925636762,1566.2160770993485,1570.3652205372944
4111.91,32.8459,1481.6576388215299,1487.8228972281584,1494.8883769853587,1504.2104938490131,,,1544.448796689277,1552.7054319014094,1558.821308252457,1563.9057704918323,1568.358283337517,1572.267949652124,1478.8769732064418,1484.6070816279316,1491.2333734155927,1499.2049357209676,1510.8024171223092,,1538.6376335340547,1549.020187977551,1555.9453563826617,1561.4697882722821,1566.2059619349902,1570.3683336729732
4135.39,32.7855,1481.6492272065439,1487.8084663627967,1494.9054096428329,1504.1814164582208,,,1544.4597498303679,1552.6967914304116,1558.8164015400534,1563.9057151663105,1568.3491082766525,1572.2598818677257,1478.8837860000506,1484.6119728979043,1491.209794876776,1499.229170545289,1510.8244452939769,,1538.6235309320164,1549.0019830475508,1555.9336439232109,1561.467439449443,1566.2011735421352,1570.355583521707
4158.86,32.7058,1481.656617794086,1487.8101213000991,1494.89879517156,1504.2084945469448,,,1544.4255291129887,1552.7074163979744,1558.8097478028048,1563.904497451663,1568.3399594550203,1572.2566564465167,1478.8728429791788,1484.6341522755667,1491.2177523614318,1499.232122182224,1510.8849194665745,,1538.603860558881,1549.0094519866668,1555.9434890926784,1561.4619259860203,1566.2000426317136,1570.3501728895653
4182.34,32.6811,1481.6459176123053,1487.8225911586499,1494.9092386207924,1504.2490374698139,,,1544.4425261299493,1552.6895044542189,1558.794721392845,1563.8954855032384,1568.3401219264274,1572.2589887596187,1478.8799328802152,1484.6316834611628,1491.2394117481585,1499.2334328861666,1510.8125279945366,,1538.615813444509,1548.9979546290388,1555.9382510753885,1561.4577653474594,1566.1918991992568,1570.3500856804635
4205.82,32.6157,1481.6712684952777,1487.829144408206,1494.9108926519807,1504.2104946625634,,,1544.4377039959247,1552.6876183712386,1558.8083429792614,1563.904068196811,1568.3328050278308,1572.2491376382984,1478.8871183558701,1484.6246950172383,1491.2254182633133,1499.2222796806186,1510.8509648518266,,1538.5918513260149,1549.0045400636238,1555.9313912383202,1561.4501222223182,1566.1909513256671,1570.346821488968
4229.29,32.6065,1481.6455743433708,1487.8480322262249,1494.9026746250859,1504.195812001343,,,1544.426699588005,1552.6800631639912,1558.7868467016167,1563.8862216437503,1568.3334220843435,1572.2518864054043,1478.8910974112027,1484.619145823493,1491.2389972073315,1499.2386519446122,1510.8935105346031,,1538.5966637491001,1548.9896105174846,1555.916383002874,1561.4437238442486,1566.177096404377,1570.342806566038
4252.77,32.5777,1481.6690859330074,1487.8372961319599,1494.941377590751,1504.2118054496782,,,1544.4033840507097,1552.6636086095855,1558.7759665440246,1563.88716586337,1568.323519780487,1572.2415907601976,1478.8952549004882,1484.6463255543931,1491.2577575381285,1499.2454403083966,1510.8708015362115,,1538.5697090942156,1548.9727611993326,1555.912063354423,1561.43969231144,1566.1801268393042,1570.3260665697594
4276.25,32.5023,1481.669741167801,1487.8452804272551,1494.913455166815,1504.238894636661,,,1544.406886754972,1552.6603657649912,1558.7768881635848,1563.8824269401398,1568.3230349662656,1572.2341984356913,1478.8862134095334,1484.6454527707554,1491.2435231408144,1499.2537911375591,1510.8781395105048,,1538.5693435646992,1548.962457860751,1555.8994094138895,1561.4265532570291,1566.1728493874123,1570.3280383853353
4299.72,32.3073,1481.6778031199356,1487.8553809223458,1494.9150529274298,1504.2839246591263,,,1544.3854316639465,1552.6642014539646,1558.7700969782118,1563.876313937245,1568.31529134319,1572.2262449962639,1478.9042498989006,1484.6400933837233,1491.2552759004843,1499.2528846185812,1510.955081456593,,1538.5439125983573,1548.960208576202,1555.9026188052476,1561.4284863315959,1566.1634434335126,1570.317551459392
4323.2,32.3971,1481.674248210798,1487.8496705057678,1494.9177339114224,1504.2574003817263,,,1544.372944661335,1552.6510162764405,1558.7611022283745,1563.8802207121723,1568.3134948158543,1572.2220683574726,1478.9019322992424,1484.6392532886177,1491.2617685737628,1499.2349373154814,1510.9594546047615,,1538.5549873767773,1548.9580095697609,1555.8965188704706,1561.4239282422727,1566.1580685272431,1570.3192155951242
4346.68,32.3488,1481.6820020298394,1487.859174886331,1494.9378109142244,1504.2432154730238,,,1544.3691163193246,1552.651890995533,1558.7683486629585,1563.8633328652836,1568.310619219087,1572.2236521909208,1478.8986574245373,1484.656484535565,1491.262103495676,1499.279050390128,1510.9424687335193,,1538.5152505950605,1548.9551091963351,1555.8908688128897,1561.4217435587925,1566.1542314514934,1570.32060102021
4370.16,32.3564,1481.700085226362,1487.8795274006395,1494.945051169067,1504.2711070841717,,,1544.3776630187808,1552.6301491868867,1558.738401002209,1563.8633537464857,1568.3100034982751,1572.2122281004697,1478.9044783618988,1484.6389680124346,1491.263236137296,1499.2959505234228,1510.8947526314826,,1538.5241180088499,1548.922135983628,1555.8898319093744,1561.4147682728706,1566.147661116163,1570.308027190997
4397.23,32.3017,1481.707032146641,1487.8788784473613,1494.9252493282409,1504.2958108611024,,,1544.3730511325512,1552.6339117119621,1558.7438150209985,1563.8560937882798,1568.310509350563,1572.2146251528231,1478.9095472153679,1484.66215230651,1491.2628103464442,1499.2715569585107,1510.9115207116672,,1538.4695975360323,1548.9152196027978,1555.8753317162618,1561.4099752162551,1566.1511705353025,1570.3038778390805
4420.71,32.3042,1481.6781730674218,1487.8641056069614,1494.937302534607,1504.291876454275,,,1544.3628396602214,1552.6094529660768,1558.728337386654,1563.8579542557472,1568.3055901953367,1572.2135149086032,1478.9070881135287,1484.6670189048118,1491.2790406622155,1499.2987105804016,1510.9633554486013,,1538.454704463882,1548.9187314639973,1555.8775292340645,1561.4011218629146,1566.1413929382663,1570.3037239368803
4444.18,32.2497,1481.704386358735,1487.8483737034544,1494.946855116187,1504.2600502703938,,,1544.335145065803,1552.6040071672714,1558.7298944116296,1563.842145572289,1568.2907759220448,1572.205197293055,1478.9238823801595,1484.655279234539,1491.2863621460097,1499.2937978973137,1510.9627808339217,,1538.4893653769377,1548.9124752238163,1555.858674795106,1561.3900655049015,1566.1380862045235,1570.294417455992
4467.66,32.1484,1481.7044833220525,1487.8809984417405,1494.9722465973387,1504.30663148352,,,1544.3613646701272,1552.5990021404784,1558.7245849568396,1563.8493047286286,1568.2884308987677,1572.1992022025545,1478.9097051089393,1484.6632170042171,1491.2799926316018,1499.2849418973167,1510.9702224995542,,1538.4490339101949,1548.90711353239,1555.855193630347,1561.3885360393606,1566.1357320066534,1570.295053989997
4491.13,32.2116,1481.6854274941613,1487.8804177662305,1494.981190041011,1504.3043271937586,,,1544.3260052488245,1552.5998861310572,1558.726407113075,1563.8446528698892,1568.290678102607,1572.1956277017175,1478.925462794708,1484.6600048265495,1491.278587015939,1499.2997195434998,1510.9892988996835,,1538.4332184789985,1548.9096263986173,1555.8512958718316,1561.3809417594548,1566.1292133046184,1570.2848290105574
4514.61,32.1779,1481.7021214860652,1487.8701738020425,1494.9626595241516,1504.3236129788447,,,1544.3292115975062,1552.5932096083159,1558.712067587614,1563.846631780396,1568.2822107418165,1572.190036631594,1478.9159559184318,1484.6590570473543,1491.2926341124264,1499.3276714801123,1511.0053868154246,,1538.4663546724348,1548.8913811271393,1555.840053323501,1561.3777923378675,1566.1248503661425,1570.279894569656
4538.09,32.0811,1481.6962836699922,1487.8918543244972,1494.9830077108845,1504.3102902941762,,,1544.3339969122687,1552.5908864436915,1558.7066644725494,1563.841377335524,1568.275497218702,1572.190078984755,1478.9306323531266,1484.6873946890348,1491.27864832864,1499.3153882495926,1510.9539251371248,,1538.4213997371235,1548.8866722730413,1555.8360210237856,1561.3661183097322,1566.1153287967409,1570.2755022402364
4561.57,32.103,1481.708367581148,1487.888114118179,1494.9663620796553,1504.3127443424778,,,1544.3143346839906,1552.5694946479791,1558.7037838892602,1563.8329941111765,1568.279806762093,1572.1845317195741,1478.9343755127254,1484.6956946173982,1491.2982341461714,1499.3069338140858,1511.0206468852198,,1538.4256268552633,1548.8748269138875,1555.8248364746235,1561.3630602434048,1566.107512466794,1570.2727336917662
4585.05,31.9539,1481.6990295699004,1487.8975095674964,1494.9903133563166,1504.3166156769764,,,1544.3056673075453,1552.571580009347,1558.6950576767933,1563.830174600627,1568.271241330107,1572.1776155808575,1478.9410719076175,1484.6847367160474,1491.3096388222016,1499.3321161664355,1511.0192656515092,,1538.412025191995,1548.8768672508218,1555.8340081787119,1561.3647516472138,1566.1130176488327,1570.2693723171963
4608.53,31.9983,1481.715182501755,1487.8970250725272,1495.002609194361,1504.3224955620628,,,1544.2976677691172,1552.570475943826,1558.6952445331488,1563.823912206592,1568.2678031655878,1572.1779633644044,1478.9320729878023,1484.6755262107572,1491.3005050946397,1499.334019983709,1511.043607506781,,1538.3771201422687,1548.8704421773232,1555.8266266565306,1561.3563378712279,1566.109675457526,1570.2682789395124
4632.0,31.9361,1481.708561904887,1487.9057959139564,1494.9940970777668,1504.3068142271945,,,1544.3031018144036,1552.560230152163,1558.6931654464202,1563.8248640099055,1568.2645264532052,1572.1723769289538,1478.9321228508697,1484.6994668974332,1491.3104339368003,1499.3340540377872,1511.0332021330623,,1538.4079190149694,1548.8513380289257,1555.8122485922206,1561.3507952799998,1566.1012770379702,1570.2558506690477
4655.49,31.9457,1481.7181333463916,1487.9368961440036,1494.9919736051866,1504.346174228859,,,1544.2877351929108,1552.5603682784074,1558.6804098849445,1563.8171136110266,1568.2589036142588,1572.173572378643,1478.9433907712603,1484.6984050631427,1491.301074431242,1499.3274323222863,1511.0771331729716,,1538.3285771607668,1548.8475289517473,1555.806026787658,1561.3450588786445,1566.0989907023366,1570.256426844521
4678.96,31.9269,1481.7245947598813,1487.9298633587296,1494.9767998231305,1504.324484987483,,,1544.3068902611276,1552.5441461972455,1558.6873539174926,1563.8159105875106,1568.2526574127746,1572.164937574029,1478.9377813380086,1484.6935351419331,1491.314497277722,1499.3675793514442,1511.0686629886136,,1538.3434803625878,1548.8468411900174,1555.7995732188613,1561.3423976535287,1566.0980310726022,1570.2501719115196
4702.44,31.8158,1481.731582053429,1487.9190948510268,1495.029932139932,1504.349190154334,,,1544.298509647763,1552.5302278907723,1558.6697157204912,1563.80525933255,1568.2574069695975,1572.1597893823675,1478.9413451596151,1484.7069415262106,1491.320693469902,1499.3421464548026,1511.0984724843743,,1538.3600361098688,1548.8285280555785,1555.7944728253158,1561.3346046533845,1566.0856687427986,1570.24655078683
4725.91,31.8327,1481.743173001563,1487.9441345860337,1495.020332386477,1504.3689738071525,,,1544.2885188352202,1552.528296949237,1558.6640681507995,1563.8019975343047,1568.252043620476,1572.1535826051982,1478.9597653427402,1484.7072846961871,1491.3181165098147,1499.3733136559795,1511.0377372584096,,1538.3629573817814,1548.8381346080866,1555.7915646379033,1561.3379455350632,1566.0883899964554,1570.2359433477561
4749.39,31.7128,1481.7209968256718,1487.937782228339,1494.9943250776953,1504.3495270090925,,,1544.2756814139289,1552.516890669994,1558.6609435869007,1563.8017090267433,1568.2453992328471,1572.1521138048133,1478.966191929956,1484.711037874891,1491.3249196113788,1499.347245976902,1511.1005858083279,,1538.322888778892,1548.8318326517356,1555.7826981592104,1561.3287065049062,1566.0793087489287,1570.238996827557
4772.87,31.7519,1481.751144379002,1487.926483489232,1495.0164571910398,1504.3967243259228,,,1544.285175782849,1552.513494353356,1558.662364609852,1563.801790626561,1568.2419180799766,1572.1532294716746,1478.958674543096,1484.7094191284762,1491.318044630718,1499.371153717694,1511.1472048165174,,1538.2971115051428,1548.8229687959654,1555.7822352008732,1561.3245273487194,1566.0730715922714,1570.2411887609662
4796.34,31.7396,1481.743325021891,1487.9385768619657,1495.018641529683,1504.4083673672214,,,1544.2825739904572,1552.5061695096176,1558.6606796259891,1563.7947090729488,1568.2440869733668,1572.1491660636361,1478.9683473547998,1484.7335799331706,1491.3325531425598,1499.395556596834,1511.1511180041803,,1538.2627131651473,1548.8097949169426,1555.7788327172773,1561.3280840201257,1566.0652018544242,1570.2370976464974
4819.82,31.7321,1481.7585223338403,1487.9554483094932,1495.041016062518,1504.411958811831,,,1544.277789331286,1552.5093765467248,1558.6514501337801,1563.792713542115,1568.2347600714215,1572.1451903622983,1478.9807807979303,1484.7226226303692,1491.3521577516472,1499.3954439543256,1511.1449901458416,,1538.3076185249313,1548.8081351968299,1555.767630732471,1561.3150185577724,1566.0689844759556,1570.2321995709156
4843.3,31.6802,1481.7504639051388,1487.937899198797,1495.0346088854121,1504.3829749155955,,,1544.2547308342314,1552.5025499563335,1558.6558144091935,1563.7846966891957,1568.2242114869362,1572.1452611343107,1478.9677578466788,1484.7209509450445,1491.3363407333914,1499.374265007653,1511.1183640108543,,1538.2545167978533,1548.7970734831183,1555.7658812583654,1561.3131224454346,1566.0686276087918,1570.2211126247473
4866.77,31.6359,1481.7487267120864,1487.9626346969358,1495.0394828246792,1504.457099059141,,,1544.2538162481808,1552.511334866493,1558.6422269539269,1563.7817537229623,1568.2252913320588,1572.1402293666665,1478.9710767508755,1484.7266845466436,1491.338895495864,1499.3824321042541,1511.1495472090262,,1538.2656487095096,1548.7856165673138,1555.7589147765384,1561.314006901775,1566.0544551920693,1570.2195403682529
4890.26,31.6172,1481.757016496769,1487.9596625191557,1495.070567469312,1504.4172201912804,,,1544.254812779608,1552.488793379629,1558.6431928246452,1563.771888126444,1568.2243726754264,1572.1281661724568,1478.9635960607322,1484.7487521188684,1491.3621722769994,1499.3857326892914,1511.106962412106,,1538.2408311717604,1548.778534703065,1555.7360313903569,1561.3011965837022,1566.0604686162346,1570.216968092695
4913.73,31.611,1481.7552967952277,1487.9836720048465,1495.0328723997768,1504.4223175619843,,,1544.2624859607176,1552.4816387235908,1558.6386605704079,1563.7717878488681,1568.2178555673715,1572.1218737866395,1478.9794059368007,1484.7483743525722,1491.3561157594509,1499.410782910279,1511.166122982087,,1538.2073004431709,1548.7728588427415,1555.7393464827314,1561.2923498062748,1566.0493336630234,1570.2117817673081
4937.21,31.5171,1481.7579032746835,1487.9745712539514,1495.1196945937972,1504.432225437112,,,1544.232862379657,1552.480143325937,1558.6296615928725,1563.764085522874,1568.2115395904964,1572.1271353638208,1478.9736986883847,1484.7394028595459,1491.36330740808,1499.421268158021,1511.191429523609,,1538.1787027492107,1548.7708045400655,1555.7338192843497,1561.2877720520883,1566.042795149596,1570.2040812188961
4960.69,31.4973,1481.7673221077262,1487.9522241315708,1495.092017331949,1504.439481897839,,,1544.2428370748207,1552.4826253661593,1558.6239523755607,1563.7573256846451,1568.2033913607004,1572.1171637733762,1478.9714471441478,1484.7578849157392,1491.359910292774,1499.4213094668207,1511.1443919586352,,1538.2356676202135,1548.762062498423,1555.730083766636,1561.2941993585853,1566.0357218290433,1570.2076622499271
4984.16,31.5014,1481.7709302814133,1487.9682001812523,1495.1131246097075,1504.4166772157507,,,1544.239602239874,1552.4685459852863,1558.6217997248134,1563.7619171269446,1568.2084081958872,1572.1182857400881,1478.981425987733,1484.7507890183779,1491.3836663302507,1499.4227218636602,1511.1855473064609,,1538.2160554883765,1548.7467943851884,1555.7220319422158,1561.2868962661707,1566.0322918807708,1570.1949001925138
5007.64,31.46,1481.7568778532254,1487.971121478501,1495.0835857540703,1504.472272464954,,,1544.2438139166193,1552.470834288352,1558.624264866762,1563.753063582612,1568.2006596516096,1572.1136825228123,1478.9957570864515,1484.7541572699952,1491.357188467034,1499.4183609950248,1511.1850415527242,,1538.1985418069996,1548.740047867979,1555.7093327357866,1561.2795390387842,1566.0304714349193,1570.1915652588345
5031.12,31.3932,1481.7806100773782,1487.9702581519832,1495.0783968975522,1504.4413663489113,,,1544.2260638185528,1552.467001693089,1558.6115422356884,1563.7535470095656,1568.1945459341582,1572.114768167582,1478.9870146856224,1484.743185423322,1491.3796928344345,1499.43018796822,1511.1664682877063,,1538.207386813645,1548.7342844675097,1555.7202920385578,1561.2789930096353,1566.0267573452868,1570.1943750175976
5054.6,31.3753,1481.7945308347362,1487.9565630908742,1495.0907016645697,1504.515025246747,,,1544.2355595298209,1552.463454625592,1558.6126776320225,1563.7463209999166,1568.193407366102,1572.1128104358875,1478.9986041267634,1484.7753926408195,1491.3858268650404,1499.4302830946467,1511.2328542449459,,1538.220547179253,1548.7380352696248,1555.7116626764416,1561.2730220001674,1566.02086823932,1570.1876493255259
5078.07,31.3627,1481.795538619352,1487.9880875814927,1495.112103188382,1504.4847165691713,,,1544.2261414303998,1552.4662880448311,1558.6105217075126,1563.73821906699,1568.1885924155217,1572.103246962454,1479.0040871651818,1484.756786026959,1491.3924905521933,1499.4553761702557,1511.2283725910065,,1538.1480277255696,1548.7379373922918,1555.7011372898055,1561.268687973379,1566.026594501928,1570.186367716608
5101.55,31.317,1481.7912793810272,1487.996838161005,1495.1323078122052,1504.5421850826215,,,1544.207129779812,1552.4570023582278,1558.6024449866418,1563.7304521464291,1568.1862359130312,1572.099489924002,1479.002465446272,1484.7700308129006,1491.3939989500625,1499.4772125473514,1511.2174196223505,,1538.1061372155286,1548.7062841625286,1555.69046025701,1561.2611049424902,1566.017398141017,1570.1808655723587
5125.03,31.259,1481.7996847337517,1487.9923570441977,1495.132869223138,1504.5596931771095,,,1544.2203499088112,1552.4577585944032,1558.6020474057184,1563.7253498700381,1568.1755366884418,1572.0960796886686,1479.0037345703101,1484.7716603317601,1491.4069404885292,1499.4774701668237,1511.2061856050425,,1538.1379567682131,1548.7046174986428,1555.690991909217,1561.2598836649236,1566.007217788011,1570.1801525983412
5148.5,31.2287,1481.7906197497712,1487.9901049159353,1495.1565733889413,1504.556427076116,,,1544.2198928618457,1552.439715696697,1558.6044368909631,1563.7302759004697,1568.1778755245225,1572.0923998344604,1479.0022903978388,1484.7904133898944,1491.3947337413379,1499.4564927998595,1511.2107399400131,,1538.1569056930548,1548.696297577356,1555.6709237588873,1561.2427754876662,1566.008869849043,1570.175729988977
5171.99,31.2012,1481.7997131288766,1487.9885063870245,1495.1789572468954,1504.5337721369806,,,1544.2018643865486,1552.4429092577993,1558.5887766798949,1563.7213728946595,1568.1714347228235,1572.0868336496585,1479.0028029592038,1484.7864304852635,1491.4059070939168,1499.473482359788,1511.2151751356223,,1538.046909575101,1548.6899481336932,1555.670514925534,1561.246051339372,1565.998870548254,1570.1719218884464
5195.46,31.1648,1481.7950741776676,1487.9936301499906,1495.1412207084566,1504.5599464101604,,,1544.1924909143054,1552.4340113825065,1558.5888316545797,1563.7158322547036,1568.1685179232763,1572.0896005832885,1479.0249091599064,1484.780940340425,1491.422872294393,1499.487530797791,1511.2230812813527,,1538.0934860832863,1548.678123031351,1555.6556234291288,1561.2383792681455,1565.991242068901,1570.1651777919928
5218.94,31.0832,1481.7942708742426,1487.9941315989947,1495.135763467101,1504.510571115899,,,1544.1924032348434,1552.4352644555195,1558.5907180150427,1563.7197731226972,1568.167163718589,1572.0859204350904,1479.0094126287065,1484.787907258406,1491.4175718646493,1499.4838808164632,1511.2237227836251,,1538.106512934744,1548.6869904551825,1555.6706991938584,1561.2443383396794,1565.99060488782,1570.1612035220544
5242.41,31.1437,1481.8034168263387,1488.0063735686354,1495.1513047447156,1504.5955839620005,,,1544.1859371945095,1552.42698729893,1558.5737526921987,1563.7058113750625,1568.1517064539894,1572.0829780515635,1479.020679741599,1484.7910475161095,1491.4120381352195,1499.5023741513837,1511.2660431619636,,1538.0357415761055,1548.6652079698479,1555.65613785245,1561.235969395343,1565.9871798783677,1570.1495521068846
5265.89,30.9912,1481.8054533404866,1487.9953454724018,1495.2002167258622,1504.5647341142962,,,1544.202284631103,1552.4207157312076,1558.5814566105041,1563.7067685845568,1568.1524975872778,1572.0751857870202,1479.0161721845711,1484.7860054261675,1491.428594676756,1499.4829125087028,1511.248196248608,,1538.059770834896,1548.6674717588921,1555.6487107949208,1561.2295902409871,1565.985536893198,1570.155247197017
5289.37,31.0591,1481.806362902039,1488.0070921419463,1495.1664154860557,1504.5452471972783,,,1544.181220994094,1552.4163301799679,1558.5881980481927,1563.7036566729462,1568.1541767977158,1572.0703576376116,1479.0228663674188,1484.7855394990816,1491.438718265202,1499.494145351279,1511.2887089851974,,1538.0685190125432,1548.6747855283577,1555.6579091997896,1561.2282564439718,1565.9830438414276,1570.1572067787015
5312.84,31.01,1481.8085150434217,1488.0152081403428,1495.1855532341535,1504.581334479116,,,1544.1739248087895,1552.4202039073152,1558.5737251782377,1563.7029197491734,1568.1406510826232,1572.069510125694,1479.0249799817252,1484.7997315812502,1491.4290729567356,1499.5025796715602,1511.259043960917,,1538.0475308709074,1548.6688670761393,1555.650730200546,1561.2265844363676,1565.9772897464793,1570.152610098723
5336.33,30.972,1481.8197347650867,1488.0166065868657,1495.20211642153,1504.5936914146607,,,1544.1711446457068,1552.410227216408,1558.5763463627316,1563.696962877359,1568.1438211498619,1572.0679903128396,1479.014462008144,1484.7917243145455,1491.4426021793229,1499.5035426993861,1511.3184549696662,,1538.0451444809332,1548.6455603581353,1555.6398974909077,1561.2213121826867,1565.9748829054263,1570.1433551671735
5359.8,30.9518,1481.823532603211,1488.0043993500683,1495.2108479146368,1504.5818571265672,,,1544.1736965408384,1552.4203529491535,1558.5614301522241,1563.691880222907,1568.1390496425468,1572.0676387707872,1479.0327445389821,1484.805062223329,1491.4259980699196,1499.5103117562035,1511.2814603073557,,1537.9831975039835,1548.6456509564343,1555.6299874180593,1561.2184331487483,1565.9747511953644,1570.1436436276167
5383.28,30.9016,1481.813781595352,1488.0302375269653,1495.1901415073764,1504.6471856401324,,,1544.148009032787,1552.40195467747,1558.5569717262238,1563.6813957729382,1568.1410158539254,1572.0573846460998,1479.0349824991201,1484.8109866251818,1491.438937467689,1499.5171848526095,1511.2836756064924,,1537.9911630511235,1548.6338078983797,1555.6260282293986,1561.2081696223336,1565.964045521534,1570.1364549981038
5406.75,30.8899,1481.8260890612064,1488.0246312571169,1495.2426101275726,1504.6214944943306,,,1544.1572012881236,1552.3970447465774,1558.5438857942067,1563.6793739417103,1568.123795017614,1572.0530926084539,1479.0349911407498,1484.806164878124,1491.447773513067,1499.5112322487596,1511.3084909072247,,1537.9549236520813,1548.6233408706614,1555.6207771621341,1561.2020580112055,1565.9624537981592,1570.1364493980363
5430.23,30.8964,1481.835615891208,1488.0343157107964,1495.2282980256755,1504.6071242333642,,,1544.1445458822493,1552.4056663199647,1558.5500178736936,1563.6714927894798,1568.1224802990998,1572.0532135317078,1479.0416180981472,1484.806797739571,1491.458844009876,1499.535310936029,1511.3738915224712,,1538.0037048050854,1548.6325195271172,1555.6185555450368,1561.2022446327856,1565.9516625799579,1570.1366033260113
5453.71,30.7907,1481.8257707058103,1488.0304081269112,1495.2343884007091,1504.605049590892,,,1544.129088218821,1552.4028297387526,1558.5393866664278,1563.6660230669875,1568.1222195857456,1572.0448613300712,1479.0473921944133,1484.827668218178,1491.458846837986,1499.5572247999096,1511.3687256961518,,1537.9099114214293,1548.6128477190127,1555.6081253633342,1561.1960129046172,1565.952485015726,1570.1247012955173
5477.18,30.7712,1481.8270038218775,1488.0358973214768,1495.2522357558064,1504.6320802175119,,,1544.1352997279096,1552.3885200063376,1558.5362288747542,1563.6729703788105,1568.1132498957782,1572.0427141901275,1479.0409976638193,1484.8406231010365,1491.4709007592398,1499.5394230297463,1511.3306831416894,,1537.9697882701673,1548.6083157672485,1555.6128573862486,1561.1891123592022,1565.9459879430412,1570.1146758558773
5500.67,30.7669,1481.8407965267875,1488.0390649979372,1495.2607773068175,1504.6236241125955,,,1544.1139824250588,1552.3820553285452,1558.5429126868094,1563.6587744526814,1568.101103038246,1572.0414182040915,1479.0398279204771,1484.8313325867202,1491.4619481954685,1499.5456036437163,1511.3709919924913,,1537.9534293197353,1548.5823952474295,1555.5984897042576,1561.1885598919137,1565.9386662096645,1570.1122051946911
5524.14,30.6558,1481.8352140962163,1488.032522795242,1495.2571186123655,1504.6582453765454,,,1544.1248247140027,1552.380932498371,1558.5286251226228,1563.658577593168,1568.101781910995,1572.0358409975468,1479.042830254181,1484.8247279704767,1491.4846709408982,1499.5677748130304,1511.3776963718353,,1537.9437728793157,1548.5726797253178,1555.5903180163582,1561.1818695973282,1565.9408666790987,1570.1129860138087
5547.62,30.7081,1481.8468804838203,1488.0335907376514,1495.264471473105,1504.6581100091819,,,1544.1102354646237,1552.3775303949387,1558.5086162421248,1563.6547176089393,1568.0989817809118,1572.0354066907973,1479.0529542096162,1484.823421878191,1491.4810328048336,1499.5736006875245,1511.3867268346728,,1537.9000333809709,1548.5834444420714,1555.5902492078924,1561.1771118938434,1565.933155666381,1570.1077879051825
5571.09,30.6975,1481.8161741569522,1488.0406389895852,1495.2771760589303,1504.666981820547,,,1544.105308877812,1552.374893601734,1558.5188672624304,1563.6528403763741,1568.1060842399443,1572.028356067279,1479.065509898967,1484.8318583561108,1491.48317332869,1499.5600631115112,1511.3708083627507,,1537.885093444918,1548.5778854241246,1555.5869515471895,1561.173879960125,1565.9318986281442,1570.1088533899008
5594.58,30.6548,1481.8421306055288,1488.0490471503608,1495.292558161649,1504.6502783036763,,,1544.0830363990217,1552.3681203550927,1558.5156837661666,1563.650910324732,1568.096486826273,1572.0263890222425,1479.0655314348278,1484.8404110152817,1491.4991645136852,1499.5791025351464,1511.3701156749657,,1537.8835960144045,1548.5732881436554,1555.582543665859,1561.167091530202,1565.9311858892904,1570.1061163168292
5618.05,30.5667,1481.8733091614397,1488.0691518147387,1495.2627189153384,1504.6673094315247,,,1544.1014912900944,1552.3475717301596,1558.5027476988826,1563.634804505183,1568.0887147499272,1572.0206028670725,1479.0832478451712,1484.8720649160603,1491.496280288988,1499.5632643939846,1511.4296416828631,,1537.8593151144976,1548.5513382637216,1555.5707906401162,1561.1667856023798,1565.9259179732817,1570.0939641069278
5641.53,30.6045,1481.8788567122085,1488.0661467597658,1495.2973664517972,1504.657343873934,,,1544.0781246372258,1552.3393533208946,1558.4906743688252,1563.6418935838494,1568.0855312892522,1572.0118026422717,1479.0690424238776,1484.8561960568563,1491.4981115538853,1499.578546766079,1511.4400678092752,,1537.8733583333026,1548.555489473811,1555.5609570771949,1561.160297357645,1565.9180440249202,1570.0957216805098
5665.01,30.5528,1481.864478507099,1488.0711047796985,1495.2907993709505,1504.6873813216446,,,1544.0697008153634,1552.3527577543614,1558.4890309780462,1563.6274501154371,1568.0766074835167,1572.0135103062696,1479.0813425782767,1484.8526057790455,1491.4974407647267,1499.6061289697386,1511.4270938800512,,1537.8539306799016,1548.528661565351,1555.5664631597217,1561.1491832087745,1565.9113644742072,1570.091170182435
5688.48,30.41,1481.886247053285,1488.0695794963083,1495.284328051186,1504.6645840186823,,,1544.0716531502133,1552.3567374930126,1558.4977360364621,1563.6256759894432,1568.0767271532861,1572.0087258523972,1479.0797798944895,1484.8620368802096,1491.513838961805,1499.5877289220916,1511.4120923997405,,1537.8270260027984,1548.5453994088548,1555.5553017998811,1561.1489373899199,1565.907485528023,1570.090623069432
5711.97,30.4551,1481.8803304404132,1488.072356096455,1495.2791394851763,1504.6828329239033,,,1544.0406403405038,1552.3452107293076,1558.4778985476935,1563.616363957426,1568.0664409930512,1572.0119203714817,1479.0813704992966,1484.853270276219,1491.5063374651518,1499.5889377573233,1511.418953864121,,1537.85401182334,1548.5383588129632,1555.557573784165,1561.1437024037912,1565.9052250910936,1570.0831345073975
5735.44,30.4419,1481.8803106320927,1488.0630266681221,1495.297383497935,1504.6481929606045,,,1544.0521902004193,1552.336793060966,1558.4739365224505,1563.610718601388,1568.0745231616731,1572.0014541868854,1479.0840535350217,1484.86461346491,1491.5094411986909,1499.617274628565,1511.4664957371856,,1537.8139378675598,1548.528268804774,1555.5505873697116,1561.1475765317025,1565.89943666356,1570.080116829137
5758.92,30.3701,1481.8715545054333,1488.0673776330477,1495.2993628052823,1504.6963057265586,,,1544.031320394223,1552.3315614064388,1558.4680282738905,1563.6153961255845,1568.0578148630466,1572.0024879842665,1479.1026046937575,1484.8476117209586,1491.518781155826,1499.6061936537233,1511.3833068314714,,1537.8215630537345,1548.5251085933444,1555.541740882536,1561.1436694749186,1565.8958240143784,1570.0841806515718
5782.4,30.422,1481.8682059646703,1488.0695728307123,1495.2962525899268,1504.703357741078,,,1544.0524846438077,1552.3382645441586,1558.4602223826666,1563.618440971317,1568.0626293297523,1572.0005426917385,1479.0929879782395,1484.8690543675511,1491.5198208158192,1499.6203196464892,1511.4484033598862,,1537.819111962508,1548.5174853409237,1555.5378698103955,1561.1373259564307,1565.892734148155,1570.077742121581
5805.88,30.3928,1481.8892451805712,1488.102068642178,1495.3361438753627,1504.7063678123022,,,1543.992885347065,1552.336830489266,1558.4603292569207,1563.6086380947513,1568.0597740916521,1571.9924122396385,1479.110902596206,1484.866681084186,1491.5407272468126,1499.618548991004,1511.4025140046456,,1537.7874249216723,1548.5083272573747,1555.530720324939,1561.1246314778068,1565.8872967081415,1570.0707087787528
5829.36,30.2216,1481.8871358522563,1488.0810312354238,1495.3036463035053,1504.6796688382194,,,1544.0262934965485,1552.3321763286913,1558.446106174583,1563.6055009530555,1568.0546209043857,1571.990682109348,1479.0956893075754,1484.8627682049519,1491.5220994543345,1499.652580005688,1511.5536196646935,,1537.7707270329306,1548.499021672757,1555.536695571253,1561.121771060019,1565.8896507041002,1570.0675000329022
5852.83,30.3142,1481.8927691505455,1488.0814093049978,1495.3186193015524,1504.7059867032726,,,1544.0134944711187,1552.3226933618425,1558.4379841182363,1563.5961174154966,1568.0540708132435,1571.981105969529,1479.0936842463432,1484.8653664356254,1491.5325409026768,1499.6290567135786,1511.5487384950509,,1537.7662824156791,1548.4991074568356,1555.5265543692872,1561.1252859928445,1565.8874772787365,1570.0669046510316
5876.31,30.3238,1481.8834941503549,1488.0794161285105,1495.3230199241011,1504.7068932289724,,,1544.022228333133,1552.3126312583606,1558.4508158881576,1563.5896364422201,1568.0538634516201,1571.9865635306896,1479.0976854134226,1484.8827683157524,1491.5443402484477,1499.6407366928443,1511.4991179107255,,1537.7184630177246,1548.5007683352421,1555.5185125839462,1561.1116897005784,1565.8834143444792,1570.0639729752324
5899.79,30.2622,1481.91357212381,1488.0746757552104,1495.3315147834505,1504.6985113894975,,,1543.997500977106,1552.3083283980804,1558.4381758695079,1563.5907744064727,1568.048439274659,1571.983688640174,1479.0987942614452,1484.8830654417786,1491.5399466083436,1499.646180260802,1511.4952005391613,,1537.7329768061431,1548.4869203253365,1555.507190269367,1561.1174604953596,1565.8755728653318,1570.0552932031349
5923.27,30.232,1481.9244825826577,1488.082729053745,1495.3668481316636,1504.7020872161079,,,1543.9974761290914,1552.3016850941558,1558.4222502363693,1563.5833707153056,1568.0488349244408,1571.97045312761,1479.1221194735497,1484.8946618428477,1491.5598928476863,1499.6320647398056,1511.5810299705076,,1537.674460009631,1548.465148590013,1555.4979078089248,1561.1054291408468,1565.8695576251457,1570.0418811507645
5946.74,30.2125,1481.9074003069395,1488.0733649534716,1495.354492979798,1504.7003112313444,,,1543.9697927563718,1552.3011655059124,1558.424408516718,1563.5787298884281,1568.0428665137372,1571.9723604819128,1479.1023173747785,1484.8945227376591,1491.5516526435044,1499.6777128906915,1511.526150644188,,1537.7511957489903,1548.472608790945,1555.5033189467424,1561.1061861052822,1565.8678694599414,1570.05605648821
5970.22,30.1805,1481.9068121838784,1488.0969815026006,1495.3678150389683,1504.7415043081087,,,1543.9758195785748,1552.3002671640359,1558.4297866169002,1563.5796356064066,1568.0401836063297,1571.9729936716767,1479.1210010118803,1484.8846246061964,1491.5531076903592,1499.6485139556994,1511.5756799618728,,1537.6961862663823,1548.4679326433616,1555.4923742744616,1561.094323433379,1565.8589460272249,1570.0462029968387
5993.7,30.1143,1481.9293369430766,1488.1269311051014,1495.334688142598,1504.7347412202926,,,1543.9682977371158,1552.3002541577812,1558.4123767937817,1563.5725086269274,1568.029358369666,1571.9644276062672,1479.1216602106122,1484.8936197878122,1491.5715371672375,1499.6452008268238,1511.5195082619814,,1537.7166616980683,1548.4572607057928,1555.4904707453952,1561.0970585899563,1565.8622512468028,1570.042298259516
6017.17,30.0482,1481.9176553039874,1488.1017420736027,1495.3472019136473,1504.734675669136,,,1543.9927975550977,1552.2997534825242,1558.4102261938604,1563.5759350607445,1568.0289905289292,1571.9504854470485,1479.1084758344725,1484.9009738100144,1491.552402098659,1499.673413663281,1511.5703954864277,,1537.698248583975,1548.453224134547,1555.4809997703949,1561.0945703204418,1565.860273004257,1570.0316485937528
6040.65,30.105,1481.910510840304,1488.1142612076605,1495.355310346535,1504.7197852213517,,,1543.972830873768,1552.2850949283884,1558.4024368420403,1563.5704063411438,1568.0287728388773,1571.9641672916607,1479.110490862867,1484.8923949999382,1491.5704168904247,1499.683586961951,1511.577490002548,,1537.6537613793325,1548.4483392088482,1555.4776426430687,1561.0912362769104,1565.8596446994889,1570.0373564384383
6064.13,30.0327,1481.9226733429932,1488.1238905792734,1495.3575131629395,1504.746012703894,,,1543.9245023925243,1552.2916819145846,1558.4070628838615,1563.5614190808512,1568.0261855591027,1571.9565871461186,1479.1227031692783,1484.911304214958,1491.5691323126457,1499.6927542211836,1511.5720132670708,,1537.6343774353033,1548.4387344879235,1555.4743711103522,1561.0882901595137,1565.851847786059,1570.0279230743438
6087.6,30.0415,1481.9367407393347,1488.0968161681014,1495.354630065432,1504.719434883437,,,1543.94899022453,1552.2923225283,1558.4058032624193,1563.5610903703841,1568.0243288508161,1571.9618498488267,1479.119393661023,1484.8983875453507,1491.5842900679058,1499.6799805576918,1511.6088180552163,,1537.635499478174,1548.4523601642322,1555.4728882637903,1561.0857521435264,1565.855300722186,1570.0385612072976
6111.09,30.0024,1481.9179809225805,1488.1033672245314,1495.3412618247046,1504.7304569984256,,,1543.9350451655334,1552.2725770654463,1558.3926514115783,1563.5547432966184,1568.0145334534036,1571.954326822314,1479.1363327305496,1484.8955590987084,1491.5788069116616,1499.7054030188146,1511.5856327919905,,1537.5652278897358,1548.4254028112682,1555.4633997733038,1561.0751005848592,1565.8382454270445,1570.0240066726751
6134.56,29.9637,1481.9467898532268,1488.1538226019572,1495.3670496180425,1504.7402642447832,,,1543.9158989579357,1552.2636090388744,1558.3860825209983,1563.5486225509924,1568.0055201928685,1571.943560146351,1479.1384179510426,1484.9064548909903,1491.5777719733667,1499.7078276737723,1511.6913820824363,,1537.615548745999,1548.4316813920054,1555.4509400912175,1561.0638166236388,1565.8355685589618,1570.0208978657972
6158.04,29.9039,1481.9357362593619,1488.1427136017828,1495.3775206385706,1504.7269079487523,,,1543.9471423073223,1552.2684113480243,1558.3816832483794,1563.557183863686,1568.0139224975362,1571.9426367259803,1479.1406857728657,1484.9053820788074,1491.5856514914738,1499.7155821062368,1511.6650628831114,,1537.619809340745,1548.4124685539414,1555.456471164309,1561.0628925784843,1565.8345569678315,1570.0181774592381
6181.52,29.9058,1481.9497422030067,1488.1299725007325,1495.3492452221099,1504.746892604818,,,1543.9153252671974,1552.2776392578899,1558.3765150476781,1563.5458232508904,1568.0117825486886,1571.9450654285358,1479.1375661451548,1484.9098272467218,1491.5769382869437,1499.683807516887,1511.6222759047253,,1537.5779683714552,1548.4116441347983,1555.4627216973931,1561.059483128473,1565.8421001232543,1570.013555215989
6205.0,29.8275,1481.93193917383,1488.1382628047943,1495.385077868299,1504.7576125453738,,,1543.9103164337953,1552.25407561763,1558.3714734745136,1563.5336275803338,1568.0000042393167,1571.939131565599,1479.1310741475913,1484.9337290201063,1491.6115892476903,1499.7155690569914,1511.6061670703675,,1537.5487023778198,1548.4068698313156,1555.4373743178103,1561.0478338348228,1565.824157368139,1570.0095775908069
6228.47,29.8403,1481.9430669916956,1488.1408979720259,1495.397355262245,1504.7185404800969,,,1543.9008017483704,1552.2444694313706,1558.3657110690156,1563.5408775784917,1567.996919499678,1571.939323262477,1479.1211346529133,1484.9113919977242,1491.5910364041192,1499.7259900662414,1511.6466933630095,,1537.5836840922707,1548.4126787569035,1555.4369878499176,1561.0594781517652,1565.8303382479467,1570.0062788429757
6251.94,29.8508,1481.9342333397535,1488.1609433126698,1495.383069936126,1504.7557696574456,,,1543.9053823928248,1552.2650834857257,1558.3717760491418,1563.5436742269496,1567.9969258016406,1571.9337085887375,1479.1472316759753,1484.9243478034018,1491.5875081363497,1499.7156721333943,1511.6858541767708,,1537.556158247068,1548.4038898941042,1555.4376854798818,1561.0509585100447,1565.8223098532249,1570.0095016375687
6275.42,29.7576,1481.9408895676195,1488.147889809418,1495.3880515486717,1504.7678133455145,,,1543.9430512613756,1552.2543453165895,1558.3489412759072,1563.533911561792,1567.9997637572544,1571.925898006244,1479.1458767169959,1484.9381171137331,1491.615044070586,1499.7383008253744,1511.6910696409504,,1537.5983128212686,1548.3941798678343,1555.431478842863,1561.0432837493217,1565.8189105148942,1570.0096648751137
6298.9,29.7424,1481.9529814652246,1488.1497468640482,1495.4034450620497,1504.749810525843,,,1543.9150613268096,1552.2520643075238,1558.363606263761,1563.530401597227,1567.9908815094393,1571.928611331699,1479.1354612316068,1484.9204968123752,1491.5958987792517,1499.7472735220956,1511.6955253919834,,1537.605039798545,1548.398548164036,1555.428562388078,1561.0433678986262,1565.8260527068132,1570.0022773917167
6322.38,29.763,1481.9707355659768,1488.1525001248203,1495.4000401030987,1504.7679065512082,,,1543.8988998600787,1552.2400929752641,1558.3569827136641,1563.5180372891314,1567.9842408284208,1571.9183088552777,1479.160125952089,1484.9414628588313,1491.6135218099762,1499.7231923846377,1511.7233266809496,,1537.5086382018733,1548.377893020239,1555.4232084896444,1561.043053022733,1565.810646702212,1569.9941894691779
6345.86,29.654,1481.963784562464,1488.1526204238921,1495.413846450234,1504.7883158089292,,,1543.899162045795,1552.2394866160914,1558.348319708964,1563.5091975837581,1567.9769422154973,1571.915909240866,1479.1401595691257,1484.9261209133454,1491.6069543541307,1499.7667192178967,1511.7235171618504,,1537.559182530795,1548.3824801119295,1555.4126275954977,1561.0286844113186,1565.8086391920974,1569.9944147611689
6369.33,29.624,1481.9509773853283,1488.1589938309203,1495.3995659009681,1504.7517858848246,,,1543.8646957980202,1552.2293613222043,1558.3529119576774,1563.5195099614227,1567.9750384468623,1571.92109219181,1479.1530245320132,1484.9469764736432,1491.6008800273505,1499.7396494831312,1511.6886862927809,,1537.5602859491246,1548.3847129178703,1555.4181848067847,1561.0311781802232,1565.8048833111186,1569.9854155084938
6392.81,29.6903,1481.9586961253194,1488.166416091788,1495.4101458505033,1504.7680556551031,,,1543.8591310266663,1552.217271831978,1558.351648570517,1563.5166550496654,1567.9855036499337,1571.918699230714,1479.157214171216,1484.9312227132639,1491.6177826050914,1499.7523141087968,1511.7129946705238,,1537.5062397211702,1548.3733610448623,1555.4210764186023,1561.0330290024804,1565.807627181895,1569.9853220451578
6416.29,29.6018,1481.960719920692,1488.1679303694734,1495.4162638592209,1504.8027214334008,,,1543.8952690512133,1552.2093657284715,1558.3386037786922,1563.5163280391637,1567.9731708454956,1571.9106730303834,1479.1521059347072,1484.9326919664313,1491.6233833389344,1499.7480455103064,1511.752223782436,,1537.5551275691973,1548.3459617068993,1555.4097357286548,1561.0258317017012,1565.806980250046,1569.9827634806675
6439.77,29.6044,1481.9574295484556,1488.1546357634882,1495.4360572051867,1504.7641319755357,,,1543.8633436061239,1552.2107652263342,1558.3284483385212,1563.5059007157968,1567.9737728575979,1571.9046235667277,1479.171591359297,1484.9410653491445,1491.6195847186873,1499.7888246829743,1511.7125751284013,,1537.5051200052035,1548.367257179648,1555.4032995340879,1561.0246977504723,1565.8014070117383,1569.984670009768
6463.25,29.524,1481.9741248555702,1488.1667386020026,1495.4110702707305,1504.7946218962593,,,1543.8596358610146,1552.203194024498,1558.339622761973,1563.4957807491858,1567.9663173842787,1571.905574842996,1479.160914102127,1484.932933879507,1491.624360390602,1499.7622266072324,1511.6709464092048,,1537.4870105188297,1548.3441280470759,1555.3912874322095,1561.0192549319868,1565.8001388002715,1569.9786778372816
6486.72,29.5377,1481.9616968804323,1488.1720148385884,1495.425323417066,1504.8239104878664,,,1543.8464716153699,1552.1928112292687,1558.3259848253656,1563.4993367182499,1567.9613328380813,1571.9000671036588,1479.1623063044294,1484.9539328529008,1491.6278631583152,1499.760186090425,1511.7703190066375,,1537.515245969695,1548.3557478388789,1555.384612916515,1561.0022702459662,1565.791623096124,1569.971623032747
6510.2,29.5005,1481.9682356209598,1488.1746754543121,1495.4380781727345,1504.800814563528,,,1543.85580202475,1552.204223636083,1558.315584350837,1563.4827517924584,1567.9584787874098,1571.894767077929,1479.161094993017,1484.9613881904033,1491.6406886920965,1499.7901014886706,1511.7835033869,,1537.4772031987582,1548.3386318567057,1555.378276175463,1561.0067414725108,1565.785752155261,1569.9671055962872
6533.68,29.5079,1481.975675581958,1488.1841312883803,1495.4312626243475,1504.8050600307708,,,1543.8193068167197,1552.1925774535698,1558.315763409731,1563.488013752438,1567.963280456876,1571.8901963069693,1479.1648051978748,1484.949694222969,1491.6575166535936,1499.7918950355393,1511.8687107797455,,1537.4711097948305,1548.3308278967334,1555.3816290144225,1561.0053441588698,1565.7788840799954,1569.9685872636749
6557.16,29.3918,1481.970544529638,1488.1869924261753,1495.446410497243,1504.8308029816249,,,1543.8193802602175,1552.1570027527803,1558.3218959217504,1563.4817178064511,1567.9557090795224,1571.8889289017845,1479.1658926863481,1484.96810667171,1491.6568047005283,1499.7913653136532,1511.7795300001362,,1537.426610622369,1548.3264202761973,1555.3732334000294,1560.9878690646071,1565.773131586193,1569.9601977275122
6580.63,29.4665,1481.9732913062533,1488.1951747209137,1495.440459811314,1504.8502640167699,,,1543.8055660115497,1552.174927715858,1558.3092455189105,1563.4816863807991,1567.945572599419,1571.878800992015,1479.1751251318856,1484.9741123322647,1491.6422476321452,1499.7977444330177,1511.8559331197846,,1537.4387121161012,1548.3090491134142,1555.3664795206603,1560.994830016,1565.7770363312068,1569.9590851545843
6604.11,29.3384,1481.987853179586,1488.1910923830262,1495.4417050084746,1504.8085466123125,,,1543.8509659336037,1552.1669277532264,1558.3095805083967,1563.4750568573406,1567.9490898911495,1571.8872394997886,1479.1713089698417,1484.962130163115,1491.6358648463959,1499.7969555213426,1511.7838403861351,,1537.429242404617,1548.3250944544575,1555.366569064476,1560.989916326826,1565.775243005384,1569.9616640942313
6627.58,29.3821,1481.9800913112479,1488.1926177614366,1495.4568873717108,1504.8783483153334,,,1543.7970661749346,1552.168216110173,1558.3112960044687,1563.473603856111,1567.9458055274833,1571.8808100582276,1479.1737799071955,1484.9713321350357,1491.6244386731341,1499.7945842450765,1511.824559777384,,1537.4253386771063,1548.31037261921,1555.357276148401,1560.9843906008434,1565.773272234066,1569.9644560815498
6651.06,29.3285,1481.984343516019,1488.1896692174773,1495.4614636765027,1504.8581256642804,,,1543.7943665868802,1552.1688260715846,1558.3033014528435,1563.473583484817,1567.9388005889737,1571.875971666196,1479.1819088842637,1484.9801986689474,1491.6439438410453,1499.836272002683,1511.8237611557113,,1537.4160639524523,1548.321044626364,1555.36093897837,1560.9815450960396,1565.7646654170887,1569.9546218638704
6674.54,29.2721,1481.9887096249442,1488.1947766443898,1495.457828502408,1504.8348971431674,,,1543.8018406724862,1552.1341166926013,1558.296250682713,1563.4719794007126,1567.9398388238421,1571.8684172469143,1479.175750048581,1484.9612927167766,1491.658604225562,1499.8058658925556,1511.904043463012,,1537.4032914901893,1548.2976394091725,1555.358880062746,1560.9765553620787,1565.7600036922338,1569.9489818770976
6698.02,29.3166,1481.9839281355048,1488.2028853400411,1495.4810908693362,1504.859502043474,,,1543.7456104278729,1552.1313747409,1558.2902676283306,1563.4590218934438,1567.9329774719,1571.8703859278746,1479.1900945916357,1484.9692983852074,1491.6727290868823,1499.777220466489,1511.8435581789413,,1537.383125357884,1548.2968825028934,1555.33804263838,1560.973259957704,1565.7585735776656,1569.9401219684896
6721.5,29.2973,1481.9768587090407,1488.1988338434212,1495.4736456391163,1504.8917093604528,,,1543.7428463551498,1552.142454904799,1558.289876260916,1563.457387579372,1567.9292537668791,1571.86882921555,1479.1804167944254,1484.9778521757908,1491.6675836682548,1499.8296458940204,1511.9442011616115,,1537.398187321756,1548.2857459022846,1555.3444051981216,1560.9744319100305,1565.7574743466307,1569.939906350677
6744.98,29.268,1481.9915004282566,1488.2096479191907,1495.470508976125,1504.9082971721994,,,1543.7650612603568,1552.1371970910711,1558.2870707129064,1563.4595764497576,1567.9308775454858,1571.8630681090106,1479.1828563746856,1484.9833127505678,1491.6592222386066,1499.8265947829361,1511.8791083598364,,1537.4017640352604,1548.294207721184,1555.3507902549957,1560.9715123502117,1565.7536295444947,1569.9386163850784
6768.46,29.2515,1482.003162609463,1488.2097835860538,1495.4867765288686,1504.8546641419175,,,1543.7591992780863,1552.1053675605303,1558.2854485162034,1563.4498809739885,1567.9201446037257,1571.8603287252474,1479.192705040532,1484.9754919921916,1491.6775718888293,1499.8149929983138,1511.8453233865052,,1537.3937814118092,1548.2796290062292,1555.341260501345,1560.957009412427,1565.7454956431518,1569.9321732387862
6791.93,29.1004,1482.0021212580523,1488.2055103207824,1495.4772390829924,1504.8950168106164,,,1543.730509356867,1552.1241145491194,1558.2833534142335,1563.4576050642168,1567.9197921999896,1571.863528151286,1479.1763585051156,1484.9739115635452,1491.6773517220845,1499.842389331957,1511.9242280310275,,1537.3907058198479,1548.2743829295425,1555.3373013274181,1560.9566113548196,1565.7457132674053,1569.9403771526534
6815.41,29.1894,1482.0013964966386,1488.2156580697647,1495.4788433401973,1504.9194709392473,,,1543.7503385689229,1552.0900628704667,1558.2706498005327,1563.4398583997674,1567.9162073691973,1571.8524298243885,1479.182693427303,1484.997315010978,1491.6723168477429,1499.834398313801,1511.914196827915,,1537.3851906761713,1548.273901733354,1555.3244844232884,1560.94804091211,1565.7355188623756,1569.9270975287586
6838.9,29.1467,1481.9942011813687,1488.224865197471,1495.4871345588945,1504.906685235413,,,1543.713102855113,1552.0930189164285,1558.2801110873745,1563.4311931368659,1567.9172645308265,1571.847179672942,1479.1870108797095,1484.9836820872551,1491.685818302908,1499.8467635971078,1511.9335267596227,,1537.3780898188404,1548.2774008511242,1555.3254855840737,1560.951631682737,1565.7342171590697,1569.9251170486452
6862.37,29.1158,1481.999956991186,1488.2176688861146,1495.5093003217992,1504.8992146389253,,,1543.6912557330647,1552.0917710737815,1558.273087751211,1563.4374048688253,1567.9117732846528,1571.8536848218046,1479.1947365594176,1484.9915708186784,1491.6839999127403,1499.8610183548553,1511.891864956161,,1537.3693906964934,1548.2713662207223,1555.3215579963219,1560.9413032427929,1565.7321492417434,1569.9255773949285
6885.85,29.0595,1482.0150863019824,1488.2215703903237,1495.5023111366472,1504.927725359584,,,1543.7359944215107,1552.0841958356743,1558.2717181088046,1563.4425281709198,1567.906635305197,1571.8472638640878,1479.2040434230473,1484.9864955502092,1491.6808336553838,1499.8758116675351,1511.9704294257228,,1537.3666607672728,1548.257353830737,1555.3093037347605,1560.9459252098798,1565.7350048095552,1569.9237025844402
6909.33,29.0579,1482.0120087861592,1488.2366332201213,1495.4868450998135,1504.9324730746237,,,1543.6965490996338,1552.0710544099677,1558.2631914698331,1563.4288496042645,1567.9041454820708,1571.8361428124529,1479.191907592418,1485.0030246590886,1491.690980049468,1499.8717736065637,1511.9539279461844,,1537.3338638843045,1548.2469912096738,1555.3108975292694,1560.9321725639393,1565.7222908111241,1569.9185750550419
6932.8,29.0325,1482.0067202478938,1488.2197902609655,1495.5099689704678,1504.9125861312154,,,1543.7006951060741,1552.0803997177527,1558.2663921619685,1563.4154335542555,1567.901442950419,1571.838297971561,1479.2028659556133,1485.0020214538536,1491.7000698620718,1499.8624645752832,1511.900572075635,,1537.325002672082,1548.2379702498063,1555.3131056682666,1560.9356047195415,1565.7253873887662,1569.9110930604477
6956.28,28.969,1482.0225808391933,1488.2247232060897,1495.5037398339223,1504.9555991237023,,,1543.7160593243123,1552.074839819155,1558.2544976748582,1563.421931690963,1567.898553931251,1571.8391332758536,1479.198927202485,1485.008939636828,1491.6930158626865,1499.8617797475033,1511.9521814158722,,1537.3457248764882,1548.250305490436,1555.3000485063108,1560.9405534206805,1565.721008041409,1569.9104995871182
6979.76,28.9809,1482.0049379482332,1488.2557696512472,1495.5142082738014,1504.9356752118608,,,1543.628901222228,1552.0496427815497,1558.2443795525253,1563.4118211245584,1567.8883246494263,1571.8321234012105,1479.2004502857494,1484.997618661248,1491.716396900064,1499.889021503922,1511.9698012878414,,1537.311399642008,1548.235190179316,1555.2979785199896,1560.9206152308457,1565.7135329233458,1569.9061660194693
7003.24,28.9508,1482.002721623497,1488.2369613571316,1495.5127030222839,1504.9601328735753,,,1543.678215175236,1552.0693230756096,1558.2515168487841,1563.4063689786967,1567.8905337504598,1571.832703191101,1479.2072609482698,1484.9983204487926,1491.706037102373,1499.8418282277883,1511.9185921251542,,1537.3049040702022,1548.2289998213917,1555.2981941288947,1560.9285630486881,1565.7156057334396,1569.9017290081072
7026.72,28.9186,1482.0300398061916,1488.242185057323,1495.509865322205,1504.9631440565374,,,1543.6790197015857,1552.0753233262562,1558.2474520675974,1563.398018163655,1567.8804852348544,1571.8376058639979,1479.2050952161794,1485.0097335929697,1491.7138759039203,1499.8910849441995,1511.9651543424002,,1537.318048177509,1548.2301391178455,1555.2914924929364,1560.9171451286115,1565.710553883079,1569.9051417568132
7050.2,28.9043,1482.0348493828476,1488.249443482989,1495.5179388740307,1504.941122680217,,,1543.654575255511,1552.046050506728,1558.243359044132,1563.3946392549121,1567.8741738022698,1571.8241484450605,1479.214457950433,1485.013805306347,1491.7202819753857,1499.9091979169464,1511.9817706570204,,1537.2895391423774,1548.216441533876,1555.2839094194019,1560.9172206763242,1565.7001133904246,1569.89381837585
7073.67,28.8948,1482.0107708222938,1488.244257809906,1495.5069886232352,1504.965676462819,,,1543.6505061991863,1552.0669409237435,1558.2438957948461,1563.395443081118,1567.8770784504604,1571.8215459768217,1479.2151373487884,1485.0304428057764,1491.7109987113322,1499.8880369009305,1512.0265833669046,,1537.3360619785196,1548.225895389637,1555.2852677459932,1560.9092451161312,1565.7021049532843,1569.8972515879527
7097.16,28.8538,1482.0241604379632,1488.2442266803323,1495.5294913576201,1504.9798172783499,,,1543.6547912711585,1552.05000290635,1558.2380737752476,1563.394333877169,1567.8675237347165,1571.8196834584269,1479.2074428122555,1485.0175591639804,1491.7208868781756,1499.9165580703868,1512.0051006880965,,1537.2701904814335,1548.2167212309157,1555.2771758502627,1560.9101426069328,1565.6975937586612,1569.8943030141704
7120.64,28.8131,1482.0357908504175,1488.2513533811043,1495.5357695465043,1504.970076996839,,,1543.6274629718635,1552.04340772871,1558.240171692891,1563.3962417937128,1567.868268212423,1571.811338120288,1479.2167334772996,1485.0452869382834,1491.7411358978775,1499.8960884901987,1511.9970626217903,,1537.2810616711563,1548.2038846645964,1555.271267430272,1560.9052622338997,1565.6969599194128,1569.8867592669376
7144.12,28.8217,1482.0239301538052,1488.2510339493133,1495.530895805464,1504.9870742970352,,,1543.607044237924,1552.0355803848108,1558.2284168536885,1563.3898586488651,1567.8721352703515,1571.811686381444,1479.2090198292692,1485.0268740962222,1491.7248099269314,1499.904205011484,1512.0382716016222,,1537.2308687356192,1548.1978794368906,1555.2611230472207,1560.8952418633114,1565.6986166095396,1569.8868557962965
7167.59,28.7537,1482.0394135962636,1488.2416508364947,1495.515863977103,1504.9802040655918,,,1543.6138538776775,1552.0343107294366,1558.2310502127611,1563.380139272104,1567.8634611187285,1571.8087315778707,1479.2169240520486,1485.0343849259207,1491.7339807443016,1499.9407375631113,1512.002975907904,,1537.209221391428,1548.18791374171,1555.24692790943,1560.894303339289,1565.684208722005,1569.8852009454158
7191.07,28.7425,1482.0489580310284,1488.247800906825,1495.5506248914903,1504.9951249075662,,,1543.605374219485,1552.0121015092857,1558.2237612648503,1563.368187149937,1567.8559248989825,1571.8027332908146,1479.239088398689,1485.0374217351794,1491.740065236446,1499.9248368749238,1511.9905505383708,,1537.2050475594626,1548.188471605972,1555.255671045481,1560.8928203858331,1565.6873788809146,1569.878672166959
7214.56,28.6898,1482.046891351844,1488.2638794940685,1495.5500433362479,1504.974917692037,,,1543.5970005457718,1552.0264709796486,1558.2264183383159,1563.3806696485954,1567.8665446477312,1571.8101343252433,1479.2158722286563,1485.04711860022,1491.7149586827775,1499.933230012914,1511.9529282993972,,1537.251208873274,1548.186683786044,1555.2564017752618,1560.893338193024,1565.684624771202,1569.8769785142965
7238.04,28.5552,1482.0421228456241,1488.2553841248343,1495.5631779711525,1504.9898745665455,,,1543.5455295770832,1552.0190769934018,1558.210519289127,1563.3624922618344,1567.8519155806523,1571.7978497776814,1479.218941865222,1485.0264700617467,1491.7361197383786,1499.9188156378932,1512.0120090820724,,1537.2371879047641,1548.1695558977547,1555.2536862037778,1560.8840835667372,1565.6824816036906,1569.8681556930776
7261.52,28.6467,1482.0409334525964,1488.2460168054613,1495.5384487202193,1504.994162186308,,,1543.5410655266126,1552.0169525426797,1558.2035704721986,1563.3663564626263,1567.845668034164,1571.8039820490496,1479.2374755271462,1485.042058401917,1491.7585626318187,1499.9324758061668,1512.0160301726255,,1537.2147669300293,1548.180234071772,1555.2468755145444,1560.8749870044721,1565.679034503804,1569.8622122070954
7284.99,28.6496,1482.0464490381955,1488.2487578726382,1495.5514572087743,1505.0110631793384,,,1543.5359947805578,1552.012953100669,1558.2010689511235,1563.361072390184,1567.844212650346,1571.7956441069969,1479.2376459450718,1485.0610036220141,1491.759589402757,1499.9082345671147,1512.038416396473,,1537.194364516417,1548.1545163349595,1555.2455387867444,1560.8765864697975,1565.6734074235007,1569.8616903179518
7308.48,28.5326,1482.0417477818878,1488.2477708201602,1495.5628963799174,1504.9839245403734,,,1543.532913048821,1552.0030784984208,1558.2037809172946,1563.3709800121562,1567.842064514201,1571.79363953437,1479.237558556076,1485.0421036442199,1491.7557622297472,1499.9524836418684,1512.0616819492875,,1537.2011269391705,1548.1619903271,1555.2402591176801,1560.8724483116878,1565.667897889728,1569.8677594352541
7331.95,28.622,1482.0412974318392,1488.2868565782928,1495.5586617152765,1504.9921811211857,,,1543.4996400351185,1552.0055477553913,1558.203088603101,1563.363051800848,1567.8477576199762,1571.7916775558508,1479.242297900922,1485.0491704201042,1491.7459797735598,1499.9530320366134,1512.0588943577295,,1537.1203154864575,1548.1618087195702,1555.2388034385178,1560.8662549923688,1565.6664239891634,1569.8572710191745
7355.44,28.5348,1482.0484710004253,1488.2594300970839,1495.563827016547,1504.9980026750504,,,1543.5079845937823,1551.9699543024242,1558.1980427275305,1563.351824793274,1567.8377605789262,1571.7878087417198,1479.2478515564646,1485.0510663681491,1491.776033629534,1499.950878285001,1512.065309976028,,1537.2076071277413,1548.1506727119838,1555.2281350305825,1560.864619811625,1565.6619830656944,1569.8601647674889
7378.91,28.5106,1482.0535844882754,1488.2905111989994,1495.5617670303168,1505.0008913323434,,,1543.5014111843886,1551.9798327640417,1558.1996562079903,1563.3512876865184,1567.8333511671121,1571.781141424951,1479.237048442281,1485.0559386110524,1491.7422775547043,1499.9788944659122,1512.0915163715194,,1537.1523034363356,1548.1490964488692,1555.2216471407592,1560.8613721190345,1565.6562158496977,1569.8545130692182
7402.39,28.3821,1482.0462986368777,1488.2897258398998,1495.568889724773,1504.995618753004,,,1543.51107814154,1551.9655079480028,1558.1880588852998,1563.3374052381764,1567.824434693171,1571.7826770975514,1479.2483682271152,1485.0567580720613,1491.7781633819227,1499.9767578157455,1512.0723708388996,,1537.1427090292007,1548.1286447233338,1555.2220698532842,1560.848643088636,1565.6553547020433,1569.8466924569725
7425.87,28.4583,1482.0579753688628,1488.275158292426,1495.5756424015103,1505.0048418345232,,,1543.5075815966745,1551.9497030767936,1558.1959745509625,1563.3402081748345,1567.8338008884664,1571.780505796425,1479.2444778253082,1485.0795022303912,1491.7509531324267,1499.9775030190049,1512.0920213395323,,1537.1354068296064,1548.138579463826,1555.2209896087804,1560.8546789343254,1565.6577092568418,1569.8466586770141
7449.36,28.4361,1482.0791475391661,1488.2741643591398,1495.5697715502556,1505.001677510269,,,1543.479667890173,1551.977159625976,1558.189045717653,1563.3347607578512,1567.8188351667127,1571.7698493876312,1479.2495089844854,1485.0719528502314,1491.7836575524966,1499.9756949951977,1512.0845398348854,,1537.1241758639967,1548.1107767860854,1555.2120336585667,1560.847649587598,1565.6456291884601,1569.8527893461983
7472.83,28.4607,1482.0753658374351,1488.2798932883318,1495.558105165105,1505.0096094720682,,,1543.4843842731161,1551.9678092340448,1558.1739707451902,1563.3319250190673,1567.8257875320774,1571.7749784981297,1479.249892895477,1485.0627862803317,1491.7752718716854,1499.9695337409562,1512.1437405089403,,1537.1539052721878,1548.1149836816016,1555.2157369578945,1560.8396744206527,1565.6461909399457,1569.8436881667722
7496.3,28.4051,1482.072693704038,1488.2754898219066,1495.5778174005065,1505.0235011951552,,,1543.4479528090774,1551.9450970483344,1558.174630939834,1563.3205234140314,1567.81444631468,1571.762290213239,1479.2651691814115,1485.0700310981103,1491.7985437436048,1499.9800307686883,1512.1465725589117,,1537.1038835975646,1548.1013125713823,1555.1986488227385,1560.8359973200108,1565.6358802738555,1569.832786430355
7519.78,28.3513,1482.0824865408686,1488.27653831873,1495.5870538414601,1505.0186304495264,,,1543.4528127916456,1551.9589606601078,1558.1773005750267,1563.3321835778975,1567.8147685540632,1571.7648007601429,1479.2571407364603,1485.085874999799,1491.7731546091006,1499.9944954289117,1512.0904579766586,,1537.1685969433356,1548.106283020855,1555.206994192301,1560.8418272719239,1565.6380751252173,1569.842538312588
7543.27,28.3712,1482.0868019025684,1488.2934202976915,1495.5876419620304,1505.0104965819567,,,1543.4911083528957,1551.952657844063,1558.1649761414064,1563.3214256557346,1567.8179258440948,1571.7607003289675,1479.260567456327,1485.075814296811,1491.7916506131153,1500.0003184273287,1512.1245224983,,1537.0861103558286,1548.0933665983086,1555.2037482550513,1560.837113969836,1565.6403679881785,1569.8306182291199
7566.75,28.3916,1482.0816110775042,1488.2680951494388,1495.5848018831357,1505.0176793970452,,,1543.4518716439113,1551.9421564408844,1558.1611331309407,1563.319024599206,1567.8042196126437,1571.7634543470797,1479.262888763804,1485.0695856398581,1491.787903744637,1500.0018236007743,1512.1155401352953,,1537.101185858825,1548.1021418669022,1555.195741890249,1560.8269542549099,1565.625492164403,1569.8296645013952
7590.22,28.3212,1482.066372853967,1488.2812868428268,1495.586969915556,1505.0089010725444,,,1543.4327922749546,1551.9224796266042,1558.157090082466,1563.3114274944842,1567.8039113004431,1571.758237719037,1479.265862312655,1485.0697688645619,1491.789967471609,1500.008883247655,1512.123271702889,,1537.1340745713694,1548.1074127349443,1555.1887035010286,1560.8267445128613,1565.630624325311,1569.832054337779
7613.71,28.3103,1482.0709603327223,1488.2870684473774,1495.5803771129954,1505.0104891490569,,,1543.4478945050075,1551.9317385053682,1558.1553713539342,1563.3130435348885,1567.805990765718,1571.7532929013892,1479.2585765181605,1485.0752252623313,1491.7954673955587,1500.032227346897,1512.120813083995,,1537.0893792201364,1548.0945239995847,1555.1908180289952,1560.8312470891512,1565.6310091326682,1569.83263570972
7637.18,28.2922,1482.0751576215555,1488.290696854269,1495.5692037821304,1505.0519749336593,,,1543.4355391761972,1551.9155221288327,1558.1496649136614,1563.309378415156,1567.7980524307275,1571.7570748180062,1479.2723507322519,1485.0774907208606,1491.7853310635082,1500.0186051275487,1512.067495334205,,1537.046613543031,1548.0866908042003,1555.1935360407522,1560.8127686206205,1565.6304137680854,1569.824804446083
7660.67,28.2867,1482.0859073150575,1488.3043690285103,1495.6096684205615,1505.0532200077982,,,1543.4435217058713,1551.9351406081382,1558.139775567006,1563.2945766288844,1567.7969639255107,1571.7405746738982,1479.2767633723386,1485.0889124263513,1491.7971610673055,1500.0320336803063,1512.1792833122051,,1537.0710398398778,1548.0856415082426,1555.1795054332447,1560.8185343858108,1565.6233161877126,1569.8222303178795
7684.14,28.223,1482.085587715478,1488.2911001367474,1495.6123988700892,1505.0340117162878,,,1543.4329968119023,1551.9046407080045,1558.1487347974644,1563.3040135938863,1567.796155413776,1571.7409979745369,1479.2602583831042,1485.089669432231,1491.8000851311756,1500.023047350256,1512.1781587117293,,1537.0497296734256,1548.0490662573366,1555.17164278889,1560.8133466157765,1565.6134676946078,1569.8133647770153
7707.62,28.1871,1482.0895134764457,1488.289230861462,1495.6098353838252,1505.026410723277,,,1543.4359158047157,1551.9072437291488,1558.1437720072292,1563.299710796401,1567.7875978669908,1571.7405664471685,1479.2647441553356,1485.0849692386498,1491.8164463005614,1500.0273220481758,1512.138494415019,,1537.0362917504067,1548.0657441373828,1555.1754746946888,1560.8101004552516,1565.6098012120858,1569.8140198880017
7731.1,28.1205,1482.0984598824807,1488.3154503702656,1495.6102455725752,1505.0401700600703,,,1543.4252032679817,1551.8928102135285,1558.1521822688314,1563.2975933672515,1567.7873619854365,1571.738592887717,1479.2746219790051,1485.0911592431087,1491.7884283907892,1500.042931219454,1512.1439045545421,,1537.0171475686495,1548.0729996206526,1555.1715703923428,1560.8109795828532,1565.6143294382528,1569.8121411032457
7754.58,28.1246,1482.1276866612066,1488.29889338364,1495.6178201046475,1505.0373447066786,,,1543.41045940972,1551.8885460018264,1558.1342994083002,1563.2863716335132,1567.7790704011907,1571.740951546442,1479.2913497216007,1485.097724719076,1491.8109910169405,1500.015983257519,1512.1782676641042,,1537.008500559798,1548.0586563573268,1555.1740681325275,1560.8019928582241,1565.6077579288403,1569.8091949378759
7778.06,28.1256,1482.1095453307437,1488.3041637699387,1495.6162434107869,1505.0321573577312,,,1543.423344580522,1551.883092457464,1558.133348370912,1563.2859065049486,1567.7751587082705,1571.7317405682895,1479.2757433490397,1485.1059483633314,1491.8180748999566,1500.0376245189605,1512.1899625797028,,1537.0221199024602,1548.0513975991491,1555.1595750064266,1560.8035127505045,1565.6007595348972,1569.7998078111941
7801.53,28.1116,1482.1016465743562,1488.3035557140233,1495.6265902248533,1505.025097200374,,,1543.4079398047334,1551.886230221253,1558.1193243078137,1563.2875331635507,1567.7688437807224,1571.7265361106818,1479.28298880389,1485.1032608774883,1491.8101561207575,1500.065414101983,1512.1784533348828,,1537.0282821134074,1548.0543652903878,1555.1588642305876,1560.7996061688982,1565.6001412709861,1569.7926456552118
7825.01,28.1182,1482.0952226687982,1488.2996422492226,1495.6233107735195,1505.0431110803245,,,1543.4152518230856,1551.885428906509,1558.1257938785639,1563.2840941822076,1567.7738681796013,1571.7308299755318,1479.2704156412537,1485.0913006034004,1491.8259619863018,1500.0469143193227,1512.1906948099681,,1537.024771644896,1548.0554745933348,1555.155965360364,1560.801247073267,1565.6026271351375,1569.8063362536068
7848.5,28.0752,1482.10466346643,1488.3068967228473,1495.6239365227607,1505.0663228858602,,,1543.4050879288357,1551.8686226250306,1558.1209096198436,1563.277329314275,1567.7718468072746,1571.7251362954678,1479.2881534296262,1485.1054468636298,1491.8152154136449,1500.0279425132956,1512.1323915528549,,1536.9306342824568,1548.0426272245843,1555.1537631257904,1560.7959127526635,1565.5943466261538,1569.7977587911598
7871.98,28.0137,1482.10249727553,1488.3024894758964,1495.6220000383207,1505.03753239999,,,1543.4055135576793,1551.862380426488,1558.1088448352637,1563.276360264235,1567.7733506226964,1571.7211505182433,1479.2904415951189,1485.1061427788231,1491.817638823963,1500.0436747849994,1512.1454851541168,,1536.9962436833239,1548.0430279325221,1555.15569708296,1560.7947103366696,1565.5936239021744,1569.792470098275
7895.45,28.0134,1482.1128604638902,1488.3240604700384,1495.6272831623085,1505.0658554986894,,,1543.3970024248947,1551.8474512303198,1558.0984600415686,1563.279362549325,1567.7651815937527,1571.7195220633587,1479.2853344720697,1485.0964906172271,1491.808811584369,1500.0666508322065,1512.1997467374624,,1536.931700819168,1548.0268692393302,1555.1446050116901,1560.7792533545712,1565.5970977534512,1569.794114707177
7918.93,27.9375,1482.1225635118483,1488.3362563829671,1495.6262949855554,1505.044538799304,,,1543.3989544994893,1551.8474389253338,1558.1060932952155,1563.265572864102,1567.7556155605391,1571.713528535078,1479.3030713803182,1485.1097729149712,1491.8339283535154,1500.076988030855,1512.2117797189917,,1536.918744819756,1548.0174862759832,1555.1369265603464,1560.782344059807,1565.5870392520953,1569.786183427897
7942.41,27.9553,1482.1273753491707,1488.329579664038,1495.6370272083745,1505.0916714497685,,,1543.3973304526548,1551.8572878010707,1558.0979864951269,1563.2657521841836,1567.7505300084454,1571.714159266676,1479.3013937574399,1485.1143828963127,1491.852655387756,1500.0868789278645,1512.2403551158827,,1536.948414554298,1547.9962617618053,1555.1342096220583,1560.776194255789,1565.5870569303515,1569.7837154336253
7965.89,27.9676,1482.1257023994451,1488.3126019641022,1495.6457929375654,1505.04980690885,,,1543.3965548987444,1551.8163704471503,1558.0867705071312,1563.2659783776503,1567.755272959307,1571.7121873298536,1479.2959358588482,1485.1051355751677,1491.8402979727996,1500.0595713940434,1512.215958020412,,1536.9735070528332,1548.011968636504,1555.1308676338692,1560.7757730972035,1565.5785875480985,1569.7824230080016
7989.37,27.9087,1482.1281324745494,1488.3280021132496,1495.6584227598028,1505.0728442912937,,,1543.4028577028348,1551.8110124362365,1558.0928210385143,1563.2596732339434,1567.7564153024045,1571.7057030118197,1479.3034132358541,1485.1208949055024,1491.8313172334354,1500.0791510169768,1512.2267176972732,,1536.875058903361,1548.0033298071553,1555.136955485005,1560.7750928094931,1565.5803255831966,1569.7781965002553
8012.85,27.8873,1482.128635703478,1488.3264715729388,1495.6384792710305,1505.0485722905546,,,1543.382880502493,1551.831207429367,1558.088162409274,1563.251298405441,1567.7493334198207,1571.7075985474733,1479.2849730259552,1485.1097364288462,1491.834827420421,1500.0742803749483,1512.2595931394592,,1536.9287348833423,1548.0050550355495,1555.1317001312495,1560.7648072970983,1565.581620621811,1569.775533945878
8036.33,27.8806,1482.1502354021677,1488.3196242870822,1495.6529380867264,1505.1008626790992,,,1543.374281003529,1551.8196594907158,1558.081726471871,1563.2532712532063,1567.7367250972377,1571.7053330495123,1479.318738858705,1485.1135194929495,1491.8420499403655,1500.1025202103372,1512.2162002286989,,1536.887710590955,1547.979815237291,1555.1282768464528,1560.7607262247668,1565.566739598157,1569.7711380485466
8059.81,27.8146,1482.1233825254292,1488.3412872610543,1495.6466895516826,1505.1151310312193,,,1543.379301362991,1551.808277131055,1558.080879770738,1563.2509868640007,1567.7409954407835,1571.6994561067681,1479.3047258294453,1485.1166343019079,1491.8416836699348,1500.0962428876562,1512.249594058933,,1536.8934199676269,1547.9908462903986,1555.1190371237142,1560.7581172508385,1565.5668565794408,1569.7684063860452
8083.28,27.846,1482.1408825376159,1488.321745221732,1495.660235358225,1505.0952144667112,,,1543.3737100486105,1551.7970166005753,1558.0829989561105,1563.241225833638,1567.742481826859,1571.6942004426428,1479.3030518848898,1485.1286538954785,1491.8343530035067,1500.0872681575213,1512.2635894669204,,1536.8586819526759,1547.9786816432654,1555.1148087337922,1560.7616908028042,1565.5666122965497,1569.7677424621359
8106.76,27.7931,1482.1312218019118,1488.335157987405,1495.6449145912904,1505.0662135478121,,,1543.3652536273062,1551.8048725159736,1558.0670121769983,1563.2333681030477,1567.7452814477574,1571.6965272913205,1479.3105645830183,1485.1281999938028,1491.8481319168907,1500.1035041583607,1512.2329338641666,,1536.8514587086652,1547.9692205138792,1555.1060803590324,1560.7483395327795,1565.5623144452177,1569.763848042559
8130.24,27.7176,1482.141996117209,1488.354144485894,1495.66338932198,1505.0816922847366,,,1543.3498520041967,1551.808808705131,1558.072754801477,1563.2396752783843,1567.7312502135333,1571.6903585825014,1479.3034992728883,1485.134955706202,1491.8418973476287,1500.0961239658661,1512.2761771487328,,1536.8890219204543,1547.9691287601192,1555.1097298386237,1560.7485910815235,1565.5674498444157,1569.7580584230368
8153.72,27.7765,1482.1381969379177,1488.3409849213988,1495.6592098644892,1505.063575343682,,,1543.3502271398256,1551.782309605742,1558.0653005673976,1563.2400428623005,1567.7322887759922,1571.6961600301254,1479.3173592984795,1485.1226441287627,1491.8435760648101,1500.1130199271224,1512.3452074950892,,1536.8198082222646,1547.981562812261,1555.09972563689,1560.754083241854,1565.5602033822893,1569.7647507742824
8177.2,27.7274,1482.1469353637294,1488.352087591502,1495.6432340536508,1505.1062064037833,,,1543.3633126828556,1551.7515872676145,1558.043974257548,1563.2171498918447,1567.7189205815212,1571.6929861425415,1479.3194277923355,1485.1502633743273,1491.8459732844788,1500.0993925731657,1512.2874333568463,,1536.8219349599783,1547.9527989095611,1555.0963984018172,1560.7396730124158,1565.54768741565,1569.7535950357292
8200.68,27.7156,1482.1546593999815,1488.342862890829,1495.6546297300624,1505.115120876673,,,1543.3610452256373,1551.7688243855089,1558.0720679811354,1563.2297642291483,1567.7217456915378,1571.6874987629878,1479.317439675374,1485.1363433085842,1491.8472098438945,1500.1077477417223,1512.2680584013174,,1536.8141549711586,1547.9642102770333,1555.0922882856942,1560.742842856015,1565.5507708659663,1569.752817047981
8224.15,27.6188,1482.1616926815514,1488.3574823697336,1495.6677308306735,1505.064089679692,,,1543.3471977079469,1551.756402903462,1558.0361493385367,1563.2220542007694,1567.7136099427805,1571.6821559135437,1479.3171835099643,1485.1406990999417,1491.859671418563,1500.1270510002887,1512.3007173683297,,1536.8283930278365,1547.9511624193965,1555.0950337074564,1560.734018447977,1565.548754760158,1569.7480990480458
8247.63,27.6928,1482.1506405027155,1488.349147919497,1495.6695908914337,1505.133477087174,,,1543.3551390307543,1551.7510408993517,1558.0533425234187,1563.2223639533404,1567.717056477908,1571.6771481603157,1479.3224375685536,1485.1362554268528,1491.8720422915512,1500.1122431153374,1512.2612769973455,,1536.7695663319803,1547.9380850021896,1555.094426167579,1560.7322727774554,1565.5392551544567,1569.7432945491098
8271.11,27.5975,1482.1417125175158,1488.3783734494054,1495.6533423755204,1505.1429512534003,,,1543.3540544605155,1551.7546266425252,1558.0359154440937,1563.2155637220765,1567.7172011980063,1571.6754391038899,1479.3221073915718,1485.1491150635165,1491.8679673580245,1500.1402410084097,1512.2788778490935,,1536.7870296230526,1547.9504654869856,1555.08720704216,1560.7315120960936,1565.5411977275055,1569.7491708337454
8294.59,27.599,1482.1660130839434,1488.3659221432697,1495.6823057188715,1505.1545488082286,,,1543.3489586091534,1551.7372839352672,1558.0414953840204,1563.2111029151085,1567.710630440925,1571.673716381665,1479.315282446441,1485.1393055751992,1491.8666180533967,1500.122180370288,1512.2912038413317,,1536.8107299365056,1547.9451364407596,1555.0894302233396,1560.7341253222662,1565.5428904194985,1569.7491374735976
8318.07,27.5899,1482.1517602083522,1488.368842772767,1495.6773366979128,1505.1274157948305,,,1543.3095115420977,1551.7318832400188,1558.045566088532,1563.2076865353324,1567.7076670857812,1571.666343052736,1479.3164948666997,1485.1496965852307,1491.8765728236178,1500.1293252292664,1512.3156539620227,,1536.7510325698906,1547.9352461475264,1555.076915274757,1560.7193002161634,1565.5301968365995,1569.7446090892204
8341.55,27.5524,1482.163599397236,1488.3373338332735,1495.6635129257807,1505.1413439118262,,,1543.3060003579099,1551.7322105436813,1558.0371379876515,1563.212592520023,1567.7020365612232,1571.6725554910913,1479.3288859435509,1485.1612238045109,1491.8794564300879,1500.145980901644,1512.3136596316033,,1536.7919185687847,1547.9253949289898,1555.0767172062674,1560.7214818135517,1565.5303947192542,1569.7409315851712
8365.03,27.5517,1482.1475884285687,1488.374430710326,1495.685588299998,1505.151091360653,,,1543.2991397159665,1551.723659878475,1558.0359885499843,1563.2122332151887,1567.6977606393752,1571.6626179738214,1479.3206119064605,1485.1608222153402,1491.8849403916315,1500.1541053984374,1512.298037338615,,1536.7693585215425,1547.921239109186,1555.0711899812568,1560.7195283163605,1565.533138733267,1569.7364267362343
8388.51,27.5217,1482.1763672763407,1488.355299443621,1495.678487488818,1505.1818686012934,,,1543.3242729866924,1551.738359062273,1558.024028149928,1563.198304970322,1567.7006653456447,1571.6640228041865,1479.3227902824133,1485.1605317898548,1491.885178494267,1500.1640884848591,1512.328142724353,,1536.7503309021113,1547.9150272714965,1555.0641380843454,1560.7116181496747,1565.5296922383081,1569.7341173430257
8411.99,27.4798,1482.1686973890992,1488.3742237853116,1495.6845638521086,1505.1877988798833,,,1543.3606012829507,1551.7003855928358,1558.0280822850468,1563.202957175152,1567.6996041318455,1571.6642141312573,1479.322803830696,1485.1603103496052,1491.8813829493092,1500.1560378551053,1512.3355820834654,,1536.7446172978305,1547.921724886353,1555.0696634853482,1560.7223811708457,1565.529026696,1569.7329029365897
8435.46,27.5315,1482.1658850330905,1488.3835746041043,1495.6864817624169,1505.1545598690975,,,1543.3080562858677,1551.7131945667004,1558.0342842296875,1563.1934408269053,1567.689088859915,1571.6625918345096,1479.3252626283895,1485.1594965917172,1491.8833092378372,1500.1590251648684,1512.2967298494923,,1536.736466421609,1547.9203677052897,1555.0638418872584,1560.7095885839033,1565.520723488896,1569.7296068078265
8458.95,27.4648,1482.16845460367,1488.376725800664,1495.6764313039212,1505.1831952030398,,,1543.3074463766154,1551.7131758531143,1558.0233017930732,1563.1927240052612,1567.6843036665189,1571.6600759089251,1479.3480556289364,1485.1598872040877,1491.889054501248,1500.171183957201,1512.348602498311,,1536.758088143023,1547.9112577896778,1555.055546426424,1560.7054933586396,1565.518392163726,1569.7228514225824
8482.43,27.4124,1482.1780522276326,1488.3872960615195,1495.6814083794038,1505.1604417307994,,,1543.2950888480257,1551.6945191177583,1558.0138993442022,1563.1885508569194,1567.6887001697198,1571.657235629699,1479.340366495168,1485.1622637489315,1491.8875699357045,1500.171984698,1512.3298921169405,,1536.7212875624216,1547.9044672606517,1555.0595948547677,1560.7068408174478,1565.5174376960276,1569.7238428630435
8505.9,27.3854,1482.1764345821643,1488.3748231557493,1495.697211902277,1505.2055752192566,,,1543.2741662337662,1551.7052416236095,1558.011213725672,1563.1854635625136,1567.6785115233213,1571.650958275552,1479.3426302484597,1485.1686726425833,1491.8812462497526,1500.1656057516082,1512.331145029583,,1536.7029832238406,1547.8994916173413,1555.037644532994,1560.6893216717854,1565.5088142320878,1569.7171485860983
8532.77,27.4007,1482.1812802073202,1488.3817013844418,1495.698198088043,1505.1998531508216,,,1543.2945459725781,1551.681714932329,1558.0038481100055,1563.1888938209163,1567.684258538009,1571.6455990860327,1479.3423565839482,1485.1633998167633,1491.8925636884317,1500.1695688886575,1512.325326651345,,1536.7058925315948,1547.8956491946774,1555.0518796952938,1560.6922261445259,1565.5105916022994,1569.7160977656833
8556.25,27.3896,1482.171225395837,1488.3762629533248,1495.6816747486441,1505.1792759674179,,,1543.2998788249656,1551.6822718989188,1558.0126635441038,1563.1771901819377,1567.6754346990278,1571.6479064707876,1479.3575956747293,1485.1554248431032,1491.9036792547213,1500.165311370865,1512.3495079313693,,1536.70112749581,1547.892528457854,1555.0467017395179,1560.6976533019665,1565.5123893972177,1569.7170948720534
8579.73,27.3714,1482.174374731226,1488.3843527712816,1495.6806101710172,1505.1774817164696,,,1543.2953056284982,1551.6676848919606,1558.0071249171858,1563.1719990788347,1567.683189723398,1571.64394826757,1479.3445472519984,1485.1648370166458,1491.8995596899285,1500.1675376513783,1512.3379846416015,,1536.6926922504526,1547.8986463019519,1555.0390946162233,1560.6875133755302,1565.5059693002795,1569.7146833244053
8603.22,27.3382,1482.1730184509665,1488.3979420074756,1495.6937248004035,1505.1630681497375,,,1543.2698052195472,1551.658455383478,1558.012053820702,1563.1768590686345,1567.6701112112878,1571.6415082395945,1479.343265086321,1485.1751675902437,1491.9063612075015,1500.163757296982,1512.3493247401711,,1536.6817310017532,1547.8881687349935,1555.027655870638,1560.6899625775975,1565.5035078250323,1569.709550628057
8626.69,27.3423,1482.1693498842553,1488.3826920768747,1495.6941984615228,1505.2079032807358,,,1543.277362217078,1551.6826323888927,1558.0003270254829,1563.163268485796,1567.6683998257622,1571.643584793054,1479.3389072959767,1485.171475514382,1491.8962205551318,1500.1684707665693,1512.3271337891813,,1536.6463555552255,1547.8823899447657,1555.0373317140932,1560.6845157735265,1565.5029500297192,1569.7057791569375
8650.16,27.2987,1482.1821590823101,1488.394679682804,1495.7055011943023,1505.229906444343,,,1543.2476955234908,1551.6692663066708,1557.9867942943301,1563.1665418901932,1567.6662973578952,1571.6333290298887,1479.3382164033837,1485.172597679994,1491.8966699320804,1500.1791705081796,1512.4030511704289,,1536.662095477543,1547.882935786923,1555.0278582317073,1560.6774755805427,1565.491280424232,1569.7078306238677
8673.64,27.211,1482.1853426073476,1488.4023366569834,1495.6867713607724,1505.215507565237,,,1543.2771267313478,1551.6436616758344,1557.9948459631437,1563.162793734848,1567.6711939407621,1571.6312946032112,1479.3430986853516,1485.1798071922058,1491.9033945206145,1500.1843838535833,1512.4492403741158,,1536.6762164092156,1547.8757235522728,1555.0265272169784,1560.6843157057342,1565.4966711229654,1569.7031121556347
8697.12,27.2007,1482.1680726764873,1488.3917689476577,1495.69309144908,1505.1485862763795,,,1543.2547991052156,1551.669353680478,1557.9890402588937,1563.1636144628253,1567.670576498121,1571.6308099703617,1479.332785940276,1485.1661974755614,1491.8976273380117,1500.1725161022368,1512.3260177258917,,1536.665679146452,1547.873913226192,1555.021500417438,1560.6838112513897,1565.4932974381977,1569.7060626023988
8720.59,27.2354,1482.194044000625,1488.3905263168433,1495.7064615951133,1505.2022936214923,,,1543.2583965651163,1551.6665521582554,1557.9822167474533,1563.1582361346939,1567.6589723899974,1571.6273948276694,1479.356634115965,1485.1816484696737,1491.9004830147626,1500.1903814215873,1512.3237977710232,,1536.682955361815,1547.8612408170704,1555.0224933150093,1560.6736892569304,1565.4950018893674,1569.7017503998843
8744.08,27.1983,1482.1894853351275,1488.3942894275806,1495.717419527383,1505.237552343257,,,1543.2684833535654,1551.6673679991516,1557.981495763913,1563.1517529787093,1567.6657678503948,1571.6271235725837,1479.3567413025607,1485.1755732931542,1491.9069679108734,1500.1833708928652,1512.4321624495296,,1536.680957169691,1547.8678602968043,1555.0176896713688,1560.6720748529453,1565.485609566776,1569.6925918770503
8767.55,27.19,1482.2022329439724,1488.3896302078774,1495.7053486482846,1505.201253221936,,,1543.2616631144951,1551.6594708232305,1557.9809560784063,1563.1584142255194,1567.6600821347263,1571.6283409706489,1479.3435515149056,1485.1740019653103,1491.898093849455,1500.1875886677342,1512.3761924969124,,1536.6290198202155,1547.8620430142007,1555.0241794078324,1560.6723148215763,1565.4841048625958,1569.696375486073
8791.04,27.1932,1482.1938238042792,1488.4185186994864,1495.7211362553935,1505.230998045688,,,1543.2611119268518,1551.638225340615,1557.9672658745726,1563.1439035252076,1567.6407163832948,1571.6199929085892,1479.3819392805037,1485.1889438989083,1491.9096600012635,1500.1865830601787,1512.3356940485698,,1536.6296464960517,1547.86010866373,1555.0155976242122,1560.6596921893038,1565.4796900216913,1569.6840396453483
8814.51,27.1415,1482.196699522859,1488.4007267806528,1495.701457256032,1505.2275468398218,,,1543.2603341155223,1551.637242172532,1557.9700338108805,1563.15029203267,1567.64656667677,1571.6204764576678,1479.3644543025855,1485.1926127462627,1491.9212483063377,1500.2136245517484,1512.598236745764,,1536.6789146401177,1547.8386565846552,1555.0053010604693,1560.661691392282,1565.4803558226695,1569.6885645353736
8837.99,27.1478,1482.1876737343737,1488.4278176754915,1495.7112331534859,1505.284390665857,,,1543.2622404332335,1551.625507080603,1557.9566667160132,1563.1440656681261,1567.6470310194622,1571.610488919959,1479.3719766616352,1485.1971933535442,1491.9163027078537,1500.2271082009518,1512.4998673252448,,1536.6296396856499,1547.8413762227394,1555.0037533325901,1560.6568612437586,1565.471719425119,1569.6835296766196
8861.47,27.1235,1482.2041760315844,1488.4245548609108,1495.720797361567,1505.2314398792496,,,1543.2411057489824,1551.6209813459507,1557.9697580700454,1563.149330007225,1567.655174271739,1571.615850240589,1479.3665115604547,1485.1940656326199,1491.9339956283272,1500.1997498294497,1512.4127347045267,,1536.5786435499735,1547.8407600189007,1555.0019760982984,1560.6529293952851,1565.4717069867593,1569.6917381647906
8884.94,27.1089,1482.1962382195793,1488.4251782393503,1495.720578432598,1505.2729909231339,,,1543.2338450285085,1551.6224494646908,1557.9582527166688,1563.1511293450703,1567.6379494284567,1571.6125263769252,1479.3666637340466,1485.1768107499634,1491.920569776839,1500.2161784927832,1512.4149884597202,,1536.5961136864007,1547.837814325467,1554.9940597985674,1560.6512632889699,1565.4706890360383,1569.6813468247828
8908.41,27.0761,1482.2015513735955,1488.409224172663,1495.713660373722,1505.2587030029608,,,1543.2306019656294,1551.6067735920738,1557.9471431227919,1563.1473104751296,1567.6417656870358,1571.6046544318365,1479.375207134684,1485.2021168516642,1491.9293391699744,1500.2233789358706,1512.4014145563967,,1536.622569825693,1547.8235393814277,1554.9885449794147,1560.6536198133072,1565.468986203265,1569.677468017106
8931.89,27.046,1482.2175804656488,1488.4381213975787,1495.706258555688,1505.2848199341452,,,1543.2433963961162,1551.6271355508643,1557.9408688495723,1563.1297002822616,1567.6337444966048,1571.600342760525,1479.3522463035354,1485.199621704365,1491.920771975946,1500.2055141893356,1512.420185099365,,1536.6125573326444,1547.8448325230981,1554.993212365819,1560.6433327753118,1565.4656001421988,1569.680370714185
8955.37,27.0024,1482.2048829832856,1488.44686688993,1495.7324513795104,1505.2323793471692,,,1543.2316524002824,1551.6260172487073,1557.964773792365,1563.131994314945,1567.6372709750956,1571.6039613564521,1479.3806169002519,1485.1857780638475,1491.9306295675847,1500.2220056197868,1512.5612936660268,,1536.5785108280545,1547.832594082352,1554.983402695988,1560.6395835721792,1565.4579967112836,1569.678916368211
8978.85,27.052,1482.222342885451,1488.4367183932268,1495.739005246371,1505.2742239597253,,,1543.227115711075,1551.6079745048,1557.9474247030516,1563.1296189890102,1567.6332710819122,1571.595974816434,1479.356818237215,1485.211023288945,1491.947237442252,1500.215181992995,1512.5398037428702,,1536.5758007774325,1547.8236171804772,1554.9751462192503,1560.6369044445257,1565.464065354645,1569.6772554859294
9002.32,27.0191,1482.2073642203504,1488.4428879943994,1495.7327116979232,1505.2523663882837,,,1543.2230032666712,1551.6126136632927,1557.9513016535661,1563.1334752543385,1567.630621506413,1571.601549534935,1479.3730718352242,1485.2027971324223,1491.9411580591898,1500.2235850907146,1512.4938718028961,,1536.573094242995,1547.8295991746884,1554.975652675339,1560.6451854524798,1565.4699860578598,1569.675386274904
9025.8,26.9706,1482.217736359493,1488.4263797611177,1495.7396971757041,1505.2720583349526,,,1543.236007455192,1551.5921650462526,1557.9368358630659,1563.1278892577598,1567.629948160644,1571.600102788353,1479.3762171256753,1485.202859850064,1491.9332738503854,1500.233169724618,1512.4426480022582,,1536.5477611356105,1547.8125830978856,1554.9778512737116,1560.6373873950215,1565.4545155151293,1569.6714172897314
9049.28,26.9253,1482.2146181524545,1488.4533847414232,1495.7360824346222,1505.2361010269815,,,1543.2121202261894,1551.584212802768,1557.930962426944,1563.1190207930172,1567.6145187837153,1571.5951568594617,1479.3746880443591,1485.2033819898875,1491.9327350836695,1500.22887663351,1512.456111938933,,1536.5964107158225,1547.8057994665048,1554.9675654124705,1560.6335300642788,1565.450192648247,1569.6683152369608
9072.76,26.9185,1482.2058008069687,1488.4390673269513,1495.7478948626294,1505.3108147121188,,,1543.2081489961822,1551.5679957868404,1557.9361821657244,1563.119624002102,1567.616570480573,1571.592029638095,1479.399250234302,1485.2082130493925,1491.9535670753064,1500.2175096915992,1512.431930442528,,1536.5618865023614,1547.7960760484623,1554.9694928210288,1560.6275884959782,1565.450705568457,1569.6691605717785
9096.24,26.9033,1482.213999280055,1488.4536596396588,1495.7453205753984,1505.3284243709743,,,1543.2082499659423,1551.5787896233796,1557.9233674293112,1563.127440882421,1567.6163515804983,1571.5894572919442,1479.3632713572451,1485.2168099394041,1491.94220241492,1500.229295709575,1512.5980916175452,,1536.5412695456196,1547.793876511428,1554.9648367307657,1560.6232646326216,1565.4419804458632,1569.6554791354065
9119.71,26.8529,1482.2117218144424,1488.4308609849734,1495.7287821515426,1505.32042888463,,,1543.2079734057168,1551.5834603998587,1557.925174683258,1563.117664397461,1567.6131334399224,1571.5879574789583,1479.3915581983783,1485.2094938853477,1491.948437196438,1500.218242459711,1512.542149695072,,1536.5368610063674,1547.7845000781606,1554.9658352601277,1560.6237389147702,1565.4417083350797,1569.659801530806
9143.19,26.8564,1482.2096970900052,1488.4445899396942,1495.7322885866351,1505.3455719724097,,,1543.19792932664,1551.5661195547132,1557.9095945556028,1563.1047361449284,1567.6153241104325,1571.581680354185,1479.3767145048375,1485.2087676561039,1491.9369003736035,1500.2434465398242,1512.4421845231725,,1536.520949389351,1547.7799250341825,1554.9533679638457,1560.615446849263,1565.43545854566,1569.656885959469
9166.66,26.8769,1482.2160540599791,1488.4525705020592,1495.7518164330404,1505.3134551893997,,,1543.2088158118404,1551.5770902388524,1557.928867455996,1563.1031020261835,1567.6018959050807,1571.579607758796,1479.3775901342985,1485.2158655396418,1491.9393461487173,1500.2525771861149,1512.5282090030555,,1536.5010129542914,1547.788923896649,1554.9511955701182,1560.6239223649768,1565.434960865215,1569.652327759228
9190.15,26.8356,1482.2168936326957,1488.4383044169654,1495.731405803429,1505.3128178969796,,,1543.1978604567148,1551.5624976617432,1557.9208603446682,1563.1075718874329,1567.60503284453,1571.5928128957064,1479.3830489621523,1485.2265725761624,1491.9427857334153,1500.237336354743,1512.5421763633349,,1536.4980678137226,1547.7673337733627,1554.9511796901313,1560.6172981334157,1565.4329832804071,1569.6514780830275
9213.62,26.8294,1482.2153826248584,1488.4349376101643,1495.7386505660088,1505.349842574777,,,1543.1964079748232,1551.5472278698908,1557.9176649059639,1563.1038140501405,1567.6032874587058,1571.5729503457644,1479.3910668604246,1485.220307913561,1491.962990689531,1500.2541507396047,1512.57107466975,,1536.4865645156312,1547.7637296771359,1554.9530210655546,1560.612817288328,1565.433908712641,1569.6515648115567
9237.1,26.8269,1482.2192764864872,1488.4523422029927,1495.7398052605565,1505.3517930820099,,,1543.2086450700772,1551.5508634359505,1557.9110335591783,1563.0960917528757,1567.6022987771878,1571.5730400759692,1479.3871376128457,1485.219745802133,1491.9635964364804,1500.267536453161,1512.593228525906,,1536.5056200108725,1547.758972069703,1554.9427167590718,1560.6095960675289,1565.4279379263594,1569.6535127534733
9260.58,26.7497,1482.2218909861242,1488.4449226040451,1495.7520358934478,1505.3709932545785,,,1543.1955194155807,1551.5472508799228,1557.9060264320974,1563.1016658863562,1567.6008829302953,1571.5745967884527,1479.4044522537222,1485.2314633674464,1491.9546607543707,1500.2563987804515,1512.4848192581926,,1536.4689657533308,1547.743247290153,1554.944989801499,1560.6034291287808,1565.4324247068562,1569.6470851281883
9284.05,26.7229,1482.2206379671775,1488.445566765454,1495.7728495711506,1505.3329520724606,,,1543.1880900167373,1551.5327748509078,1557.8941354227563,1563.0964419344389,1567.5913667325658,1571.5624544982982,1479.3944684851072,1485.2426670404675,1491.9649166821248,1500.2519625130071,1512.6923198741197,,1536.4508740788553,1547.7608918717835,1554.9379001782,1560.6051983412221,1565.4226984338218,1569.6398017457668
9307.54,26.668,1482.2365427088178,1488.4634335972385,1495.7786119929146,1505.2900354788223,,,1543.182256967716,1551.5391719067827,1557.8975159622435,1563.0897349247896,1567.586290160655,1571.566994957104,1479.4006226166425,1485.250429131662,1491.9756314256922,1500.267388560588,1512.63469246349,,1536.4588108118314,1547.7299861763222,1554.934100762905,1560.6035480022394,1565.4191261167923,1569.6369990754356
9331.01,26.7331,1482.2252925322869,1488.4612075145405,1495.7696251025543,1505.3610502326242,,,1543.1848667493832,1551.547133226705,1557.887551769493,1563.0965860203312,1567.5931100060232,1571.5742827770177,1479.3977056796748,1485.2426705919925,1491.968893684199,1500.2907346443064,1512.7110002092027,,1536.4600363487198,1547.7584288595153,1554.9381760509268,1560.606868685789,1565.421991083462,1569.6411355345813
9354.49,26.681,1482.226424247724,1488.4603686674836,1495.7622663489353,1505.3357623318386,,,1543.1964035466033,1551.5351837971639,1557.8954972653048,1563.0919754127192,1567.5951133556928,1571.5627192972372,1479.4006615396745,1485.2366085791862,1491.9791422512365,1500.2588060219641,1512.5790064394841,,1536.4351637163277,1547.750713959878,1554.9309604258008,1560.6085978376018,1565.418466929347,1569.638351792236
9377.96,26.6676,1482.2353428631122,1488.4768056281337,1495.7666479671484,1505.2991612402175,,,1543.1800383061159,1551.5519938870004,1557.8892389865073,1563.0875132022195,1567.5921132317517,1571.5602272178312,1479.4083273702872,1485.2375553375828,1491.9823165402067,1500.2819892543725,1512.615626079688,,1536.4312977472603,1547.7453753944271,1554.935792566469,1560.5947725540057,1565.4142045824835,1569.6363998282889
9401.45,26.6552,1482.2355646325227,1488.4789561565476,1495.7556303388817,1505.348966346,,,1543.1856842558823,1551.5360629699455,1557.8914199026588,1563.0878905457325,1567.5815142843257,1571.5507981067656,1479.4106040155496,1485.2333264973472,1491.9826654563228,1500.2879801940985,1512.648665300217,,1536.461421529589,1547.7244028635737,1554.9189680028976,1560.59058586792,1565.4162119399673,1569.6294351993668
9424.92,26.6428,1482.2298580203505,1488.4842644385033,1495.7755921547187,1505.3565903652666,,,1543.187338080966,1551.5305508716556,1557.8940114611894,1563.084685544693,1567.5868820804094,1571.5604817011526,1479.4076300261465,1485.2295126887761,1491.9764747738977,1500.2820729267282,1512.7578035328909,,1536.4545539028536,1547.7385767177232,1554.9233421759895,1560.5823821283602,1565.4108118556055,1569.6305691377943
9448.4,26.6374,1482.2288359513,1488.4745136584168,1495.7730607107783,1505.4582424067369,,,1543.1771553915473,1551.5384299002578,1557.8847402229724,1563.0830967936374,1567.5896211320949,1571.5603980904477,1479.4132866524483,1485.2358385760108,1491.9801448102455,1500.291968206434,1512.6535325633408,,1536.4623516453423,1547.737172428417,1554.9166080906955,1560.5949485597469,1565.4091076557784,1569.632188354997
9471.88,26.6245,1482.2366573278816,1488.462758167394,1495.79246934104,1505.4461673746407,,,1543.173209515121,1551.525554001763,1557.8744450469103,1563.0769958677765,1567.5780404982327,1571.556187697192,1479.403474552318,1485.2496833438886,1491.9824724690955,1500.2701811712627,1512.6411643948102,,1536.4533615920618,1547.71508540311,1554.918034837258,1560.585865054538,1565.410254489908,1569.6247060187607
9495.35,26.5984,1482.2294780458603,1488.4803147844111,1495.7664617508144,1505.4258566714923,,,1543.187781566601,1551.5212506059822,1557.8673464577462,1563.075056653638,1567.5785346372693,1571.5574231425053,1479.4137328994009,1485.242409072131,1491.9765566563945,1500.2875783180255,1512.646757590009,,1536.4172270174847,1547.7101209040368,1554.9200123710848,1560.5847814768654,1565.407893791017,1569.631150628001
9518.84,26.5537,1482.2470610329353,1488.4788560411312,1495.798721283634,1505.4868561517821,,,1543.1407408853868,1551.5283955471014,1557.8699621988337,1563.0779038781131,1567.5801344834667,1571.5435019871486,1479.4060341977415,1485.2360037251217,1491.9856219720232,1500.2790802783977,1512.7344033004629,,1536.438308853622,1547.7147813536506,1554.905454503366,1560.5831686934218,1565.3978020932354,1569.62448091754
9542.31,26.5562,1482.2546073238793,1488.4852195288227,1495.7971992291014,1505.4896986880692,,,1543.1682965559658,1551.5249915417453,1557.870036847676,1563.070912645642,1567.56831015075,1571.5466821200446,1479.4236124423128,1485.2364623916117,1491.9893901622306,1500.3071154478885,1512.756660575296,,1536.412256029977,1547.7158533171264,1554.913322668712,1560.5737290992,1565.4016356920743,1569.6197682795964
9565.79,26.5573,1482.2521322807656,1488.4974378221511,1495.7948085110456,1505.5017949166822,,,1543.1620425561152,1551.5112527054273,1557.8704270265212,1563.0731796336422,1567.567032041048,1571.5415015410508,1479.4265052342853,1485.256421006858,1492.0003746694363,1500.2995563134627,1512.6904922784902,,1536.4060353785671,1547.7017085228529,1554.897330694761,1560.573724272115,1565.3904746828057,1569.6162329963424
9589.27,26.492,1482.251911022545,1488.4776099509909,1495.7990488842524,1505.5642614482388,,,1543.1283181744411,1551.5109229441664,1557.8659282027743,1563.0716582062619,1567.5592535537603,1571.5389002783936,1479.4126308927014,1485.2511296413888,1491.9948390134,1500.2829486277974,1512.6858555932395,,1536.40343844117,1547.7093713851089,1554.8915625141522,1560.5689965219224,1565.3917735137193,1569.6136861408954
9612.74,26.4946,1482.2630297412927,1488.4936221864127,1495.796935660499,1505.4455200750128,,,1543.1444178110896,1551.5093028059414,1557.8671195359261,1563.0696299745475,1567.560998312886,1571.5403021335376,1479.4146662345695,1485.251202223649,1491.9957942804203,1500.3031810061618,1512.7735373015466,,1536.3961225678859,1547.7068508741138,1554.8912146139535,1560.5691928108124,1565.3952718544156,1569.6156802897424
9636.22,26.484,1482.263934306264,1488.4829206999661,1495.8083494138702,1505.3632449772076,,,1543.1564352146254,1551.5094901558446,1557.8604861361232,1563.0650410981834,1567.5669124652277,1571.5478311280426,1479.4188347413842,1485.260450875482,1491.9966871601057,1500.3052581554882,1512.812458534212,,1536.3896113402354,1547.7023350068202,1554.8935566429545,1560.5614163786263,1565.3914949170228,1569.6135625301092
9659.7,26.4671,1482.2557161691755,1488.4887442816216,1495.8081428516205,1505.5282790925046,,,1543.131991286455,1551.4993982761487,1557.8485504905195,1563.0677544842226,1567.565493971444,1571.536524621413,1479.4336496893511,1485.2589995470312,1491.9999521662176,1500.3198172588654,1512.7943826448054,,1536.3784494873714,1547.6925491080074,1554.8947475754635,1560.5664666970663,1565.3864854322596,1569.6098648536306
9683.17,26.456,1482.2633153529803,1488.4974844281223,1495.8105535230518,1505.461566191544,,,1543.1113608852118,1551.501623629205,1557.8524569101342,1563.0582186467134,1567.5521048003523,1571.530370424326,1479.4313268671278,1485.2690554052513,1491.9970323718217,1500.320471599755,1512.8106766465735,,1536.4324341124957,1547.692671008483,1554.88670119563,1560.5626927039905,1565.3861677144757,1569.6059991520458
9706.65,26.382,1482.2724605530177,1488.4895311425423,1495.8149124235092,1505.522810672688,,,1543.1168413824523,1551.487242556336,1557.8422909811848,1563.0630701690775,1567.5514078570566,1571.5273744204476,1479.4243545795468,1485.266049735611,1492.0013196073571,1500.3206464843154,1512.9096433379732,,1536.4138339933972,1547.6769300039318,1554.8793690818095,1560.5542647933855,1565.382821099928,1569.605957098248
9730.13,26.416,1482.2644114635484,1488.4934363743587,1495.815551501073,1505.449298659215,,,1543.109221243326,1551.4885642496654,1557.8525862613349,1563.0630683879672,1567.5457948887108,1571.5318978472972,1479.4314900868612,1485.2524851095068,1491.9867741093133,1500.3320636775627,1512.7120466518084,,1536.3736439714182,1547.6808893016048,1554.8840576253995,1560.557452209998,1565.3787432424815,1569.6094884180156
9753.61,26.3536,1482.263032632076,1488.5022243600906,1495.8031951527446,1505.588064070721,,,1543.1010177519556,1551.5009109836524,1557.8398157394117,1563.0528299162718,1567.5582364933828,1571.5272887559577,1479.4245271882335,1485.2665153303042,1491.9939440188562,1500.30934726968,1512.8703579916817,,1536.3569724646245,1547.6802885256911,1554.8802865400864,1560.5588762506181,1565.3720353933718,1569.6043092323266
9777.09,26.3848,1482.2654430902633,1488.497106964199,1495.8318754618904,1505.5615237748584,,,1543.0863901940002,1551.4921354864832,1557.8600052355748,1563.0562249798463,1567.5569919600525,1571.5254568589346,1479.4442294670598,1485.27022345847,1492.010435108865,1500.3130126345518,1512.7432433661575,,1536.3441746847782,1547.6748278601956,1554.8674682658834,1560.5624768581392,1565.3749086839098,1569.6010065019882
9800.57,26.3646,1482.2574328090407,1488.5158548050417,1495.8194050571872,1505.5654867775997,,,1543.0990052751988,1551.4938955038642,1557.844439347085,1563.0589752970138,1567.5457202197965,1571.5154762148761,1479.4424632967382,1485.2656057993652,1492.0047611381433,1500.3209416648795,1512.7096728189383,,1536.3718255561678,1547.6596256287219,1554.8681263277758,1560.5491933798448,1565.3762746337684,1569.5991608087443
9824.04,26.3562,1482.277831877951,1488.4907971339005,1495.8359864540091,1505.5691393496934,,,1543.1373783283027,1551.489766869515,1557.8320262485292,1563.0488974922023,1567.5517704249198,1571.5220878613745,1479.4418853998563,1485.2616901934116,1492.0176173388952,1500.3201904341317,1512.7887821157537,,1536.3304985567797,1547.6709405313165,1554.8771840496397,1560.5543154481222,1565.3752996120995,1569.5942445622247
9847.52,26.3379,1482.290362685079,1488.508035063194,1495.8429620417369,1505.5591501678693,,,1543.0764721405735,1551.492391706327,1557.8275247294691,1563.0494726309719,1567.5395668053832,1571.5194115733661,1479.4279346228464,1485.2781985158558,1492.0169768604978,1500.3196340073143,1512.8526359165958,,1536.3219515677652,1547.6700348850743,1554.8483517326179,1560.5421027397933,1565.3680689594896,1569.5908546306832
9871.0,26.3148,1482.2615635679433,1488.5037460916174,1495.837723249229,1505.4853721943305,,,1543.0773995437407,1551.4871614987214,1557.8281909624725,1563.0534286273498,1567.5394692513914,1571.5199080211764,1479.4443239530865,1485.2764050678707,1492.0280396571218,1500.3485019189095,1512.8929831147125,,1536.3106393658627,1547.6547438340735,1554.8557517242741,1560.5384758445994,1565.3713251644347,1569.591335046597
9894.48,26.238,1482.2619406691208,1488.5128949962516,1495.8437414802474,1505.5309988524343,,,1543.0680439038981,1551.4781216915678,1557.841570226063,1563.046518015791,1567.5403841392858,1571.508833065642,1479.4528936801905,1485.2724727335585,1492.0220434135124,1500.3519327212553,1512.856537414124,,1536.3438222345192,1547.6489945548815,1554.8580726609623,1560.5398760510827,1565.3597359796554,1569.587557841986
9917.96,26.2778,1482.2617658392614,1488.516138889051,1495.847774797437,1505.5647223373394,,,1543.0687814195956,1551.4710088416014,1557.82371580672,1563.0518028150907,1567.5363344340064,1571.5096946900876,1479.4510846904982,1485.279753296787,1492.0200721984486,1500.3390252679792,1512.8681456760405,,1536.3360787931465,1547.6421895293627,1554.8514648940973,1560.5328712910066,1565.3652047909213,1569.59035298957
9941.43,26.2583,1482.2674001753865,1488.508742906171,1495.858037141073,1505.5613998031727,,,1543.0853062155413,1551.4752469013708,1557.8231151675027,1563.0438960890488,1567.5308333239332,1571.5052500401891,1479.4508052134815,1485.2880641610316,1492.0436600752125,1500.332714087374,1512.9022335007155,,1536.31962306466,1547.636215957852,1554.8505652765662,1560.532236162559,1565.358635447796,1569.5866489300658
9964.91,26.193,1482.272130534952,1488.5198792564709,1495.8464037779806,1505.552555876797,,,1543.045041631405,1551.4682923489588,1557.8241557496476,1563.0481762032732,1567.5336380366412,1571.5084856917606,1479.4459730250044,1485.282788959774,1492.0359945789407,1500.3565688173599,1512.9617945372863,,1536.366254178381,1547.6502357147403,1554.8468504771567,1560.5267768826677,1565.3570539957072,1569.5835417159462
9988.38,26.2509,1482.275699341564,1488.5026418471778,1495.837110449504,1505.5418222441704,,,1543.0543952576559,1551.4726153397346,1557.8193575525243,1563.0449187481147,1567.527045404781,1571.5067578316373,1479.4456528557419,1485.2762974360892,1492.0331264219203,1500.3328576023519,1512.9404091972942,,1536.2960241372487,1547.6283271248567,1554.8421012642405,1560.5336803017049,1565.3564022930736,1569.5844115764223
10011.9,26.2108,1482.2755885864499,1488.5250936675022,1495.861562139172,1505.5555916823337,,,1543.0322155359281,1551.455384185709,1557.825598131951,1563.0376660538475,1567.527449950912,1571.507858394143,1479.4454799689663,1485.275532375912,1492.0238489417393,1500.3484726890654,1512.991463735685,,1536.320427506179,1547.6469096632163,1554.8474387871042,1560.5353608393355,1565.3557381747335,1569.5781397205646
10035.4,26.2064,1482.2686004193013,1488.516822488832,1495.8704946772225,1505.5526555836916,,,1543.0095421264446,1551.4523411746109,1557.8156066792294,1563.039625585168,1567.5203762146634,1571.5041966780148,1479.4662180104824,1485.284669951698,1492.0453460182673,1500.361511800266,1512.9564911589769,,1536.3024270402996,1547.6280494861267,1554.8463907512335,1560.5280376142514,1565.3534598513968,1569.5849754021165
10058.8,26.1286,1482.296358095863,1488.5158124783954,1495.8530666347947,1505.568900080988,,,1543.0306734617643,1551.4558138780685,1557.8133500494318,1563.0361208844472,1567.5249613357691,1571.5026366766754,1479.4525794003093,1485.276966624785,1492.0342195849162,1500.354919738543,1512.8332843732335,,1536.2769365700758,1547.6279899451583,1554.8337984298958,1560.520568201151,1565.3521943360217,1569.5768685054547
10082.3,26.1643,1482.2908338830387,1488.5211083442332,1495.886601823137,1505.5456003642846,,,1543.0430646523112,1551.4638031824752,1557.8155562599827,1563.03752069573,1567.5197667872658,1571.4981307720313,1479.4548532615684,1485.2785226376268,1492.0554503504518,1500.3517718198816,1512.9092376235278,,1536.3114010401093,1547.6270877283014,1554.8523206304535,1560.519259130294,1565.3497429184965,1569.5734153471221
10105.8,26.1288,1482.2834551244832,1488.5323878416752,1495.8773510636595,1505.5920112249994,,,1543.0161490017504,1551.4618949637324,1557.8028707256,1563.032977117247,1567.5213430423732,1571.49553779958,1479.458758883304,1485.2911786526734,1492.0627536244147,1500.346996320121,1512.951305080304,,1536.313293169093,1547.6163376888146,1554.8219603063947,1560.5132816904134,1565.3409105268195,1569.5719928479978
10129.3,26.1013,1482.2837357521607,1488.5175400296898,1495.8602397799011,1505.6175996296502,,,1543.050335495762,1551.4582689426427,1557.8068834463984,1563.0329659374615,1567.5218287652967,1571.4960951279377,1479.441060152829,1485.2948134157114,1492.0394048935566,1500.3625543737633,1512.974595084228,,1536.2336614858834,1547.6132600368076,1554.8225429191893,1560.5151733347234,1565.355679441193,1569.5731321438084
10152.7,26.077,1482.301382656332,1488.5288324589412,1495.8524904798446,1505.5868072299638,,,1543.017386705357,1551.4518452938948,1557.8129676368817,1563.027530922137,1567.516504537407,1571.487932705949,1479.4651791952979,1485.295336748245,1492.0516968726456,1500.3807225599624,1512.8877194359604,,1536.2476645370527,1547.6088934452368,1554.8211462432698,1560.507435201171,1565.3397602687726,1569.5655128576227
10176.2,25.9924,1482.3015325655015,1488.542481800842,1495.8965395322437,1505.5820013634254,,,1543.0332204782205,1551.4487146845277,1557.8094302402892,1563.0267328038856,1567.5200065101617,1571.490811353914,1479.4767750097774,1485.2951764704321,1492.0556423160358,1500.3710260928958,1512.9447150492726,,1536.2706288797433,1547.5957360454956,1554.8218400535477,1560.5166841520863,1565.3440228113952,1569.5676072064539
10199.7,26.057,1482.294620816282,1488.5369057690975,1495.8902145319098,1505.602463036646,,,1543.012463093489,1551.4560302029315,1557.8027511424632,1563.0312134161554,1567.5171733290067,1571.4888034841358,1479.4684397682192,1485.2910387182378,1492.0535404795974,1500.3663746008503,1512.9699361061002,,1536.2578370171939,1547.6019288040618,1554.8302259855536,1560.50489703715,1565.3366096299421,1569.5654286797833
10223.2,26.0602,1482.2916067517197,1488.544203801664,1495.8681050459006,1505.5798645612063,,,1542.9733634960105,1551.4653793633393,1557.8039199991556,1563.0238994817032,1567.5115894139444,1571.4908154646946,1479.4560135950787,1485.2966606236048,1492.052355579422,1500.3594961476301,1512.9122319452572,,1536.3027941960456,1547.5966882800283,1554.8184101682364,1560.5039131253877,1565.3298472905587,1569.565870152037
10246.7,26.0058,1482.2980424778762,1488.5523304782296,1495.8795862742052,1505.5681813014367,,,1543.0246572816623,1551.4396350645795,1557.7919147060154,1563.0109363733748,1567.5117504419418,1571.481292304053,1479.4692531157816,1485.2999642499747,1492.062282017755,1500.3802348402448,1512.965695611578,,1536.2737562403167,1547.5898191243991,1554.8131922523141,1560.5052318739947,1565.326402742911,1569.559623959943
10270.1,25.9779,1482.297839670594,1488.5478827455208,1495.8861886649809,1505.5942829537842,,,1542.9670480574207,1551.4527369803056,1557.7854184428656,1563.0193355069596,1567.5084236604198,1571.4824375104974,1479.4699284118142,1485.305880696021,1492.051265690645,1500.363941081716,1512.8912825744228,,1536.2173625755659,1547.5957473737756,1554.8075764480309,1560.5021272717,1565.3318423242908,1569.5642648927903
10293.6,25.9635,1482.3003711281992,1488.5433350511685,1495.8738077982894,1505.6027864959144,,,1542.9694098629316,1551.4381393458448,1557.7932153528463,1563.0152555232646,1567.5073053679484,1571.4809926694809,1479.470047052781,1485.3002906367387,1492.0505681026484,1500.3756706797406,1512.952636101345,,1536.246792895838,1547.6036042355702,1554.8068978363208,1560.4988102388706,1565.3316944255937,1569.555828900617
10317.1,25.991,1482.3105263475939,1488.5734937791626,1495.8735252371162,1505.5932370734133,,,1542.946220558951,1551.4419067684662,1557.784885303708,1563.010604231716,1567.503025746798,1571.477149563354,1479.469949462026,1485.291162772288,1492.0478793547215,1500.3945205891407,1512.9543595883974,,1536.2623223393084,1547.5910584667924,1554.8051913623792,1560.4924931416583,1565.3277007066854,1569.5575353792765
10340.6,25.9928,1482.3078986609912,1488.5445607815104,1495.9026841533664,1505.6105932634323,,,1542.968133810418,1551.4449592598667,1557.7816235299376,1563.0211562821403,1567.5083322050173,1571.4767165882247,1479.4641516318518,1485.3021845971862,1492.043862616549,1500.3772618429891,1512.9941475301866,,1536.2306129660458,1547.5856465137401,1554.804800241793,1560.4958221081747,1565.3265726623654,1569.546281850144
10364.0,25.9852,1482.3114076600812,1488.5516118042465,1495.8889124560812,1505.6219651415995,,,1542.9540083591082,1551.4386501522606,1557.7867924259351,1563.016596733685,1567.5075155294724,1571.4681702291136,1479.4753012619483,1485.2984455071607,1492.064779629833,1500.3860066680277,1512.9901789457863,,1536.1773564086184,1547.5915885046038,1554.7968798983077,1560.4931478719234,1565.321430505616,1569.5539500987657
10387.5,25.9014,1482.3226385379187,1488.5280061256901,1495.8945144412112,1505.6225139155092,,,1542.9721110266958,1551.4430930516073,1557.7756537346493,1563.0125808594896,1567.5015115530252,1571.474336215034,1479.4739783463547,1485.305591145508,1492.0681975259618,1500.39984817875,1512.9979353991143,,1536.2040652277547,1547.5813185491043,1554.8027423012534,1560.4849180856354,1565.316178422063,1569.5462506495194
10411.0,25.9055,1482.31486018096,1488.5365827335559,1495.9032740503562,1505.617365989945,,,1542.9627270343155,1551.4347157962698,1557.783100008605,1563.011359195906,1567.4975481049853,1571.4705919084872,1479.478054517914,1485.3090910034011,1492.0541664992868,1500.3989694000345,1512.984917333658,,1536.2332013373984,1547.580157954568,1554.7872293069274,1560.490358217365,1565.321750291089,1569.544131798626
10434.5,25.8983,1482.3027878869798,1488.5490651062382,1495.8814820188193,1505.6775879140882,,,1542.963925217514,1551.4462318367139,1557.7866348195091,1563.009798526554,1567.500587484181,1571.4751880079414,1479.4617132536202,1485.3041154993343,1492.067385817834,1500.4025339729487,1512.9999187137114,,1536.2266991780646,1547.5661803939938,1554.7900343071954,1560.4924281125905,1565.3170961784851,1569.543011869883
10458.0,25.8442,1482.3019403135702,1488.5724727647573,1495.9013957222726,1505.6153310489224,,,1542.9692693395325,1551.4253812708257,1557.7738274265064,1563.002371670756,1567.4921971587441,1571.471855866684,1479.4676886872726,1485.3068247726462,1492.0732805991977,1500.3816059499063,1512.947796734814,,1536.2012589495496,1547.5677003218395,1554.7938405297527,1560.4808382156405,1565.3128788700362,1569.5451357616826
10481.4,25.8683,1482.3063569638139,1488.5526598477334,1495.894050571188,1505.6225079349604,,,1542.9615983669528,1551.447341596535,1557.783227964699,1563.0052110118042,1567.4960277988362,1571.4613714513137,1479.4869364363446,1485.314229394569,1492.0704750771506,1500.4070652843745,1512.9855731225296,,1536.1440333955875,1547.5498973605577,1554.7869217753373,1560.484072251502,1565.3080287798534,1569.5428247755106
10504.9,25.8542,1482.3262599082957,1488.564137419897,1495.9166810838058,1505.6292590160235,,,1542.9415070850823,1551.4259287882155,1557.781618095177,1563.004582811912,1567.4941383730024,1571.4627514058275,1479.496125205903,1485.3086515563382,1492.060749660168,1500.4100204544898,1513.0246111993836,,1536.1740721704114,1547.5531250849453,1554.786053702866,1560.4808403925904,1565.311046237561,1569.5389753962606
10528.4,25.8381,1482.3118526869773,1488.5469901996005,1495.9014796750894,1505.6525673357644,,,1542.9628720851063,1551.4309345366216,1557.7719358693573,1562.999058362606,1567.4923571317634,1571.4635903001226,1479.4706576193573,1485.3229169866916,1492.0679100109344,1500.4192025785394,1512.9470058070276,,1536.206496197459,1547.54809238447,1554.7760300009145,1560.4820232865068,1565.3103179095854,1569.539194042679
10551.9,25.8306,1482.3240624441491,1488.592257318527,1495.8984195457024,1505.6399403095734,,,1542.9600741949625,1551.4265472482127,1557.776552407979,1562.999605118936,1567.484981178727,1571.463516248791,1479.4871578710467,1485.319571352343,1492.0817017514435,1500.412988921628,1513.0234318745138,,1536.130690411485,1547.563900688871,1554.7727977734767,1560.4635862839527,1565.3143812481533,1569.5344854117297
10575.3,25.769,1482.3270706453845,1488.5884766682375,1495.9199729539487,1505.643212942298,,,1542.9123018624553,1551.4275451760732,1557.764259776599,1562.9979396109084,1567.4823813919663,1571.4555043818248,1479.4768700708723,1485.3231992022,1492.081528165264,1500.421934506045,1513.0627227412829,,1536.1684048893399,1547.558837790003,1554.7613245410535,1560.4690001136064,1565.3080983649897,1569.5361539379012
10598.8,25.8136,1482.3146885878994,1488.5768109792534,1495.9097063895842,1505.610837549111,,,1542.9041250886091,1551.4258184118366,1557.7650155034078,1562.9951554909396,1567.478160517573,1571.456169165226,1479.5004481494948,1485.3237234964315,1492.0893890756292,1500.4209724496334,1513.0445492198492,,1536.1265011487144,1547.5359954375028,1554.7704544819196,1560.4643823733518,1565.3040971934163,1569.5357617103427
10622.3,25.7994,1482.3306489919576,1488.5641137705998,1495.9085554560008,1505.663820539967,,,1542.887698275283,1551.4187253982757,1557.757547700071,1562.9894929232541,1567.4834195838978,1571.4526272362612,1479.4892840201899,1485.327340003029,1492.0794458019936,1500.428865846717,1513.066994318821,,1536.1918378207215,1547.5508622590746,1554.768130916296,1560.4567723636385,1565.3020232765275,1569.5347374212326
10645.8,25.7877,1482.3069655501838,1488.5665860830986,1495.9179008145557,1505.6217957638225,,,1542.9635151022637,1551.4228836166506,1557.7606250250803,1562.995972138646,1567.48469337134,1571.4590622166004,1479.4884458958982,1485.3207728478546,1492.0999731726272,1500.4170977567342,1513.0119738675037,,1536.1475780173566,1547.548240362465,1554.76483882315,1560.4677645981362,1565.3026148308143,1569.536535445576
10669.3,25.7698,1482.3205819636887,1488.5732156837487,1495.933018681562,1505.6119910251807,,,1542.93627576924,1551.42555240777,1557.7593880187658,1562.9947420342576,1567.4810645852099,1571.4571150034553,1479.483790883673,1485.3221378010796,1492.0836612856872,1500.4424662276854,1513.0657244273407,,1536.1143660577702,1547.5453045586855,1554.7656913551195,1560.4624725119306,1565.300610191124,1569.533547238849
10692.7,25.7165,1482.3363129167444,1488.58615815871,1495.9364723470767,1505.6346222525144,,,1542.909172694009,1551.4126425943862,1557.7682766706528,1562.9832318655979,1567.472265690361,1571.4513767859203,1479.4919403920458,1485.3222165380669,1492.093210231937,1500.4369258569764,1513.0616405574435,,1536.138629125954,1547.5158575542703,1554.7623262055038,1560.4642153883476,1565.2939585949616,1569.5255528285934
10716.2,25.7135,1482.3215726820522,1488.5664309214476,1495.9167778427907,1505.639173974174,,,1542.8817816939097,1551.4197157071173,1557.7604753253393,1562.9881779246246,1567.4729446943963,1571.4532749175457,1479.5048940319716,1485.3491652128387,1492.0773775981447,1500.4167372546667,1513.0570287352957,,1536.1419144259376,1547.5442571818737,1554.757460313997,1560.4581481918815,1565.2954011838592,1569.5317357973577
10739.7,25.6965,1482.3483799847645,1488.5796899047677,1495.9280854050362,1505.6424964333935,,,1542.9322317807457,1551.411228306282,1557.7528554772105,1562.9870890816808,1567.4812732361127,1571.4488868894791,1479.4875608294271,1485.3324657837877,1492.108234842577,1500.433607388004,1513.0543999589954,,1536.160346016508,1547.524890688495,1554.7565145629449,1560.4617591399344,1565.2931616959556,1569.5273825490885
10763.2,25.6641,1482.335019333597,1488.5880257917513,1495.9499772186064,1505.6624975792106,,,1542.8839422586775,1551.4148583223605,1557.7465808830411,1562.9824642067176,1567.4681531008762,1571.4477217467595,1479.504525316716,1485.3433924895817,1492.1058698091101,1500.4380894994315,1513.0047050535054,,1536.1505832534358,1547.5211911058434,1554.7543751275089,1560.449524273019,1565.284939266069,1569.5180710976326
10786.6,25.5916,1482.3495825602968,1488.5997758815429,1495.9369564484311,1505.6267450342896,,,1542.8431274115915,1551.4027846556266,1557.7491265914139,1562.9810097530278,1567.467587343679,1571.4467559669977,1479.5037899952533,1485.3312816650377,1492.1091467980561,1500.4423656410397,1513.1043522456027,,1536.1472168937769,1547.5244507402667,1554.7431701204523,1560.4525132964504,1565.2903387941774,1569.5238017795255
10810.1,25.6553,1482.3496853408196,1488.5768697803167,1495.948795345108,1505.6855823578467,,,1542.8591076064065,1551.4119922494103,1557.7515934828284,1562.9837858159058,1567.4695925195808,1571.4521442535445,1479.4925453725004,1485.3410729269679,1492.095987307332,1500.4249340734484,1513.059501621882,,1536.1167573417963,1547.5270606387091,1554.7493189610404,1560.4535894212124,1565.2886699222115,1569.5256254001913
10833.6,25.6466,1482.3555215475214,1488.6026532518601,1495.9244599649967,1505.6901035387561,,,1542.835666453589,1551.4124184209988,1557.7409437227386,1562.9772799585007,1567.4564154064992,1571.4429605304801,1479.4982708303482,1485.3268326941975,1492.1019757114498,1500.4223369218785,1513.0698144072333,,1536.0916075007817,1547.5090602283053,1554.7361772773265,1560.4481543137945,1565.2861698164008,1569.512817925992
10857.1,25.6034,1482.3415416839885,1488.5886049697983,1495.9220675392683,1505.7323430512313,,,1542.8220249704145,1551.4106857268694,1557.748620914804,1562.9755263228674,1567.464423703361,1571.445649019172,1479.491478259313,1485.3430578777613,1492.1125731864406,1500.4501737248036,1513.0405843081826,,1536.1323456530088,1547.5086130424263,1554.7466191092715,1560.445122494987,1565.2870723318217,1569.5127396488983
10880.5,25.6173,1482.3472591776515,1488.5837374056139,1495.9316867182024,1505.6644870602468,,,1542.8435162856883,1551.4019738779334,1557.749574843096,1562.9721400408841,1567.4604712692767,1571.441216090971,1479.5022474686893,1485.3448323921514,1492.1100960890424,1500.4424459075717,1513.070466073049,,1536.0558228825469,1547.505381713178,1554.7369481432165,1560.4309209150904,1565.2768337008479,1569.5069037722737
10904.0,25.5934,1482.3420045946348,1488.5904437867532,1495.9380911019684,1505.7149877881695,,,1542.8635626091716,1551.4004783334706,1557.7470566041077,1562.9725262694665,1567.4633176010577,1571.437912799685,1479.4992525839054,1485.3287955783053,1492.1039434968102,1500.463196570187,1513.073458406455,,1536.114243074653,1547.5061264907122,1554.7293935861803,1560.4428513107005,1565.2794018103164,1569.5107654778865
10927.5,25.598,1482.3399807948258,1488.604815351306,1495.937942935828,1505.7576106012737,,,1542.8677595478657,1551.3778878939286,1557.746928114366,1562.962018781161,1567.4556453929354,1571.435115795704,1479.507101086955,1485.346618479562,1492.1184381303478,1500.4583528923813,1513.0462133597325,,1536.110066080949,1547.5073968499516,1554.725462600211,1560.4401553590776,1565.2744926236012,1569.5067639307704
10951.0,25.543,1482.3545936116384,1488.6200670820979,1495.9657546294236,1505.6449283969337,,,1542.8578488812716,1551.3806931669642,1557.732251459151,1562.9695581018177,1567.4488139041964,1571.428223150345,1479.506604393514,1485.3591287698973,1492.1183795948605,1500.4659064358832,1513.160388171067,,1536.074903359536,1547.494348081099,1554.7180270087906,1560.4362321953886,1565.2689691437147,1569.507132494169
10974.5,25.5537,1482.3489970644016,1488.5839365514798,1495.9515180554952,1505.768311522511,,,1542.8619371592054,1551.3853837137096,1557.7426544964808,1562.9636397551387,1567.44938084411,1571.4358812238981,1479.5047873680924,1485.343705138968,1492.108298035769,1500.47323453439,1513.162053050338,,1536.1028084770876,1547.505439680493,1554.7378736520002,1560.433951818162,1565.279166228664,1569.5104304333117
10997.9,25.518,1482.3537274696157,1488.607865320968,1495.9560770758321,1505.6697245333148,,,1542.8722127845137,1551.3922893758254,1557.7271705677201,1562.9535485782528,1567.44604786649,1571.432779891169,1479.50650976236,1485.3454522676745,1492.114036693302,1500.4735557453955,1513.0970909028936,,1536.0711095577212,1547.481336452058,1554.7230216009546,1560.4277605033872,1565.2584829798457,1569.5003759795218
11021.4,25.4861,1482.3570447887328,1488.6209786379784,1495.9588110357727,1505.680333743575,,,1542.8648121884726,1551.3790206494803,1557.7412250958914,1562.9588635823325,1567.4564530039722,1571.4243559858548,1479.511688547586,1485.3467787541538,1492.1226461932333,1500.4784636509364,1513.050985953705,,1536.060959115598,1547.4894801772184,1554.7232357307207,1560.4284433407918,1565.266869902039,1569.4966475162068
11044.9,25.4724,1482.3621196065806,1488.608890203733,1495.999446422369,1505.646066331418,,,1542.877208185425,1551.3910725500434,1557.7333226041687,1562.9526132960561,1567.4455985825034,1571.433655478127,1479.5146902111765,1485.3442510637517,1492.1217371185896,1500.466612342788,1513.1019700737877,,1536.0235478119187,1547.4926621446402,1554.7216496777883,1560.4238251709585,1565.268941578263,1569.4998421547705
11068.4,25.522,1482.3498462319476,1488.614625293524,1495.967956689519,1505.700326814406,,,1542.8449918620925,1551.3719954230673,1557.73174182376,1562.9532117266683,1567.453094929008,1571.4287850425242,1479.5034761500472,1485.3641729330277,1492.1355864628615,1500.4785181431178,1513.1038267315173,,1536.019443736483,1547.4944702480952,1554.714406006266,1560.4292741575546,1565.2673592627552,1569.5039241399045
11091.9,25.4593,1482.359918560192,1488.5892186369608,1495.950347111678,1505.646933659247,,,1542.8340638881957,1551.3848467289793,1557.731562638272,1562.9464882048478,1567.439973687463,1571.4232268229537,1479.5151982873292,1485.3364626114308,1492.1279984943526,1500.4767945580536,1513.0772836070748,,1536.0995984921096,1547.4801152864263,1554.7163539469254,1560.4247970087285,1565.2646854529567,1569.4963689979074
11115.3,25.3921,1482.3541486258152,1488.5949790042343,1495.9692869248531,1505.7325762033847,,,1542.7882802460697,1551.3796563450492,1557.7261179136879,1562.952033568532,1567.4467386122326,1571.4252103668123,1479.5175882263434,1485.3588083306083,1492.1330879287214,1500.472818437859,1513.096106466175,,1536.0645987329567,1547.4805437255418,1554.7090178808933,1560.4196909587224,1565.2612016365197,1569.4984186828476
11138.8,25.4294,1482.3583983423034,1488.6292476438089,1495.9701252577588,1505.6442899671522,,,1542.8580675783571,1551.3658027657007,1557.7211580544192,1562.9590505483864,1567.4377590726929,1571.4208214778646,1479.5148146679485,1485.3472901605921,1492.1437696445237,1500.489471583899,1513.1399390514412,,1536.0325220280927,1547.4736518900247,1554.7117381203152,1560.4184385478916,1565.2521066411482,1569.4871502417805
11162.3,25.4158,1482.3495401272862,1488.6071348999085,1495.9804836749322,1505.7571515769034,,,1542.828734967217,1551.3763004138684,1557.7255534066096,1562.952653949834,1567.4361544433361,1571.4198026098836,1479.5366219814794,1485.3471244402272,1492.1224774996017,1500.5008130257363,1513.0668647655968,,1536.0480323825864,1547.4760499780675,1554.7079789439279,1560.4174967139072,1565.256458271497,1569.4930881605906
11185.8,25.4222,1482.363618969388,1488.6430344666821,1495.9618465951141,1505.7563156586657,,,1542.812736437293,1551.3645051246976,1557.7185417037686,1562.9508343544903,1567.4300595583645,1571.420079048714,1479.5165428270925,1485.3394532023185,1492.1400268437303,1500.4915014505034,1513.11976944624,,1536.0505666094223,1547.4744193963688,1554.7115904176171,1560.4148546570568,1565.2619414351502,1569.486046151204
11209.2,25.4121,1482.3683974892317,1488.637565430011,1495.98613410856,1505.6958727745177,,,1542.815387650996,1551.3719731193999,1557.7161723348404,1562.9497285710163,1567.4341921055855,1571.4213404541747,1479.5242901693466,1485.3454454407395,1492.1242682039099,1500.4942556073188,1513.1253589458627,,1536.0327853598014,1547.4722697174327,1554.7000409208883,1560.4162949490249,1565.2546492809013,1569.4786802377953
11232.7,25.4031,1482.3704208404333,1488.6305110180376,1495.9488881368761,1505.7412944419268,,,1542.7990989819602,1551.3736311706043,1557.7244005698947,1562.9367072943164,1567.4307503884959,1571.4174742513735,1479.5171111354405,1485.3577663315034,1492.1360358173902,1500.4946014154718,1513.171112215815,,1536.021383427188,1547.467092465079,1554.7029200693773,1560.4142508737793,1565.2514937581464,1569.4824467604835
11256.2,25.3759,1482.3685068243662,1488.632904502657,1495.989241494992,1505.7191323860163,,,1542.792930649256,1551.3624611077835,1557.7132665443303,1562.9342822378858,1567.4296097425847,1571.4150890956669,1479.5238462559582,1485.3588749202631,1492.1419404719488,1500.4937926967789,1513.1980054285839,,1535.9976954094739,1547.456985634165,1554.690665861796,1560.4102990963513,1565.2485227317172,1569.4824032942586
11279.7,25.3694,1482.3592488109186,1488.643689672935,1495.9861538360917,1505.7457956893202,,,1542.7958652459854,1551.3613272832586,1557.7214687331525,1562.9405173120094,1567.4322295569375,1571.4164037097364,1479.52360079912,1485.3689227518996,1492.1546870512764,1500.4992307357604,1513.1405859834042,,1536.0076806785232,1547.4469822367805,1554.695755181421,1560.412019133678,1565.2464071824495,1569.4823660284837
11303.2,25.3469,1482.3746814528038,1488.6546901092813,1495.9844208302375,1505.7580981894673,,,1542.7753395715054,1551.3571721375474,1557.7125599361102,1562.9287419205807,1567.4231719892746,1571.4059896399808,1479.5355565373281,1485.3605073680374,1492.1326243163276,1500.4964672866934,1513.1173062862435,,1535.9935809875403,1547.4555039319653,1554.687860345267,1560.4053516821443,1565.2501579769187,1569.473546514007
11326.6,25.3148,1482.373837845027,1488.646593585045,1495.9983803283517,1505.7402390879415,,,1542.7803407820927,1551.3467211789718,1557.7107709454551,1562.9326535391674,1567.4219443479783,1571.4113122227584,1479.5425752935582,1485.3724981302382,1492.1482345871254,1500.500195979031,1513.2161410637395,,1536.0518561388044,1547.4501005236984,1554.6895836659894,1560.4008778761704,1565.2437602419675,1569.4802442504317
11350.1,25.2602,1482.3767083033179,1488.6321221349683,1495.9786344555414,1505.7104650488457,,,1542.7684434310368,1551.3685113253187,1557.7003650485772,1562.9269770473295,1567.4290789406173,1571.4095486190422,1479.5412096016275,1485.3706067592495,1492.1486751167254,1500.4916319182319,1513.189406223918,,1535.9314022017124,1547.4579849225042,1554.6929800606038,1560.4003862339032,1565.250459616723,1569.4790196397853
11373.6,25.3375,1482.3874370022004,1488.637075352747,1496.0106904703782,1505.7492329409258,,,1542.715449706946,1551.3704777697435,1557.7065175641694,1562.929734193643,1567.423950821156,1571.4092260228492,1479.5167300613105,1485.3805982516867,1492.143830732338,1500.5105153968088,1513.1514325411208,,1536.0061593402083,1547.4529473882315,1554.6865985372217,1560.3992759544453,1565.2406928555633,1569.4781549903694
11397.1,25.3152,1482.3665318751569,1488.6328948224573,1495.9872495564362,1505.7627938313153,,,1542.7591136350004,1551.3505034586274,1557.7041825031674,1562.928479148797,1567.4175780402893,1571.4094614506132,1479.5377458526275,1485.3587626578144,1492.1434402153675,1500.5019013911783,1513.2585474408254,,1535.924009403539,1547.4455210074466,1554.6905826401276,1560.3981305180196,1565.2496480030084,1569.4716682074259
11420.6,25.2796,1482.3639677904248,1488.6424804052601,1496.020478080648,1505.7811178292875,,,1542.7517076252284,1551.3459220612767,1557.7114943701783,1562.91657771807,1567.4226485967706,1571.4058017813024,1479.5253285189233,1485.3846106732994,1492.1459323981683,1500.5203426018008,1513.1718740465903,,1536.0089855766805,1547.4531748423963,1554.6761737716333,1560.4002675691936,1565.238410194294,1569.4708972946128
11444.0,25.2885,1482.3843650799556,1488.63751510688,1496.0038010093353,1505.7598087792394,,,1542.715127679078,1551.33561257479,1557.7019986923424,1562.9188548787822,1567.4131034271154,1571.4031859301151,1479.5478178274634,1485.3857826509836,1492.141094403322,1500.501992083848,1513.264398689449,,1536.0511542940694,1547.4340851948555,1554.6809115201565,1560.3883833110046,1565.2357261017482,1569.4704642814481
11467.5,25.253,1482.3775009161018,1488.6545484762723,1495.992746452721,1505.7853668999774,,,1542.7278241346712,1551.3324323551285,1557.6948001219466,1562.912745579518,1567.4135989934987,1571.4029581752256,1479.5484225225428,1485.388709801748,1492.1531675513909,1500.5177288463954,1513.1884275485536,,1535.9822375649783,1547.4390626090014,1554.6796438806084,1560.394356439861,1565.2341472734788,1569.474168313226
11491.0,25.2337,1482.3760428977387,1488.6620850489935,1496.0135764052466,1505.6938440975462,,,1542.7351780414692,1551.3508006416578,1557.7007415254238,1562.9163122262833,1567.4117142461828,1571.4015766944462,1479.547909126252,1485.3778069659215,1492.1454455163196,1500.5175890072899,1513.2365453106452,,1535.983951321785,1547.4460468073207,1554.670891506944,1560.3912809951767,1565.2334530190387,1569.4689547956634
11514.5,25.2307,1482.3711618586499,1488.6350099931328,1495.9940736880062,1505.7772072320488,,,1542.7642158364845,1551.3228472278347,1557.6971833818507,1562.9117485645863,1567.411745347848,1571.399979146339,1479.5517176877179,1485.379947303807,1492.1605275981117,1500.5059141653678,1513.214912789672,,1535.8965520650047,1547.4342452309668,1554.6662312831666,1560.3876441567256,1565.2311532964468,1569.4631120382194
11537.9,25.2376,1482.3828876024133,1488.660693458464,1496.005478756742,1505.7607806377039,,,1542.7720042791632,1551.33450903899,1557.6981639268672,1562.9160918831312,1567.4162457736209,1571.3978258708037,1479.5382522662153,1485.3899662548579,1492.1587072966313,1500.536078252364,1513.240425384402,,1535.9397988340586,1547.4272616668663,1554.6703850876215,1560.3886661023594,1565.2256857869152,1569.4661594035763
11561.4,25.2432,1482.382918907349,1488.649635717281,1496.0072543994127,1505.7948566423977,,,1542.7123311925013,1551.325899298887,1557.6997565541985,1562.9161262284422,1567.4088291607918,1571.3975369485179,1479.5424314985498,1485.3994953809256,1492.170879643071,1500.4970837086787,1513.2788901053784,,1535.9589587336686,1547.4295706015032,1554.6624532567969,1560.388921920194,1565.2303440059775,1569.4587622460049
11584.9,25.2113,1482.39604257199,1488.6403299900362,1496.029385844519,1505.7883903901654,,,1542.771951782642,1551.318018449546,1557.6933590723127,1562.9104452270492,1567.4071619171925,1571.4014540478017,1479.541939535958,1485.3675557362656,1492.1713797820883,1500.5295648450808,1513.179056591066,,1535.9197058266084,1547.4154638161328,1554.6661336465054,1560.3873600366421,1565.2282649213194,1569.4624307624933
11608.4,25.1935,1482.3952611172076,1488.6600477314105,1496.0361551767112,1505.794129152673,,,1542.7104772762918,1551.3146066759475,1557.6918178534734,1562.913403124817,1567.4066783137532,1571.3969854228042,1479.5377726823695,1485.3775354478755,1492.1596619257073,1500.5162339277397,1513.2754180254806,,1535.9590856242446,1547.4322979385383,1554.672730948765,1560.38691619934,1565.2311644872323,1569.4592579731432
11631.8,25.1827,1482.3998214737032,1488.64270827242,1496.0349116534805,1505.7753403307888,,,1542.7279080997312,1551.3335466446813,1557.687632046012,1562.9034427852032,1567.4020904968665,1571.3983276446488,1479.5395282842685,1485.3900506607379,1492.1611341952266,1500.5197360545205,1513.2476401077538,,1535.9554080811158,1547.4199954848295,1554.6595889368953,1560.3841839512727,1565.2231188510564,1569.4500153905906
11655.3,25.1726,1482.3868891746606,1488.6389582908519,1496.0241083438166,1505.8508382613936,,,1542.7203952757702,1551.3129036223606,1557.6847719717734,1562.9011066402431,1567.4011087112146,1571.3872306444391,1479.545005624244,1485.389048021914,1492.1695065037761,1500.5380052225596,1513.2321925346416,,1535.8917349970293,1547.4197788728925,1554.6608916101509,1560.3804015889878,1565.2208110073018,1569.4540085406702
11678.8,25.1494,1482.3676211952775,1488.6465922299215,1496.037331431352,1505.8197189066295,,,1542.7076932344428,1551.3300463014734,1557.6818812434976,1562.8985640095582,1567.3969871762922,1571.39408817622,1479.553028750196,1485.4054011474207,1492.1630875767173,1500.528341478612,1513.2312469251272,,1535.9149072442176,1547.414139457082,1554.6475273378298,1560.3742577325183,1565.2216122015795,1569.454956668535
11702.3,25.1238,1482.3908582569202,1488.6645088640792,1496.0370596053103,1505.8206853627896,,,1542.7547543599474,1551.3055610604163,1557.6737306336904,1562.8974497231673,1567.3926460074197,1571.3879846306097,1479.5492626748626,1485.3926385122265,1492.1588207334564,1500.5382100811014,1513.2258028749059,,1535.8377752301926,1547.39654335406,1554.6514499193943,1560.3671196376754,1565.2189827655068,1569.453377548514
11725.8,25.1348,1482.3914466058618,1488.661595808291,1496.0545272754434,1505.7464786826727,,,1542.6995139656747,1551.321067987804,1557.6935266265548,1562.895397789072,1567.3993404097728,1571.3838946931435,1479.5396749641448,1485.4061051787864,1492.1805133215605,1500.5486751022763,1513.2510572065319,,1535.984782770283,1547.425084471262,1554.6498479212983,1560.3759883873909,1565.2178529023747,1569.4454122446668
11749.2,25.1109,1482.3912791020784,1488.6841409979727,1496.0222432100247,1505.8529990675286,,,1542.7406955960282,1551.3100786243472,1557.6707777466636,1562.8954144615718,1567.3973271669884,1571.3866423165607,1479.5547887530495,1485.4036376412087,1492.1732443531366,1500.5403399309391,1513.2847171763794,,1535.9059550454328,1547.4061795385435,1554.646685464688,1560.3644360722178,1565.2187158871104,1569.4540027027597
11772.7,25.0286,1482.3873360775845,1488.6667512381218,1496.0349967298635,1505.8736348205784,,,1542.6703462769035,1551.3041060311398,1557.673464216506,1562.8898315691658,1567.3892358524204,1571.3872766790232,1479.5526700180433,1485.396242049773,1492.1509092011154,1500.5831555794014,1513.2570913156364,,1535.8810333904878,1547.4129248520323,1554.6395189128668,1560.3668557794917,1565.2157676844993,1569.4439264742125
11796.2,25.0652,1482.4058128892927,1488.6888873877158,1496.0506009562978,1505.8857416824892,,,1542.677427105284,1551.2969945602367,1557.6678039281485,1562.8880520807616,1567.395506769251,1571.390247242116,1479.535623786798,1485.410056723172,1492.179783668366,1500.5536247100426,1513.2259177434378,,1535.8276323468112,1547.4010619348212,1554.638406389606,1560.3590451654968,1565.213438944078,1569.4461592246587
11819.7,25.0765,1482.4033539618483,1488.6466107078893,1496.0553887207388,1505.8594244612298,,,1542.6611161705277,1551.3065080018594,1557.667552913822,1562.8866317330474,1567.3940564184018,1571.3877519394157,1479.5466822858011,1485.4012788642078,1492.172292192527,1500.555818517055,1513.2644783948047,,1535.8926229098765,1547.4152369472238,1554.6407787961991,1560.3664842216394,1565.2126199979778,1569.451745448517
11843.1,25.0557,1482.4084126084686,1488.6553843263735,1496.0339973458622,1505.927536020304,,,1542.5915895818594,1551.2947557257585,1557.6770501559402,1562.8843943308088,1567.391363211049,1571.376952274003,1479.555720185006,1485.4099510348371,1492.1837682006087,1500.558308262709,1513.299084467702,,1535.8908422821385,1547.3887259126539,1554.6433898595778,1560.3640999003082,1565.2141567037897,1569.4460660860839
11866.6,25.0441,1482.39312240956,1488.6776411735398,1496.0271877273553,1505.8143479733808,,,1542.6955071965606,1551.3055758106175,1557.6736746117303,1562.8832879725962,1567.3839185462587,1571.3824383623696,1479.5694771284786,1485.409017213485,1492.193114809179,1500.5394921713646,1513.2806294259453,,1535.8834072165978,1547.3941103745938,1554.6412020110447,1560.3689156336777,1565.2131651733798,1569.4389352792014
11890.1,25.0165,1482.3861088155525,1488.6680005494227,1496.065346074923,1505.8241741087388,,,1542.661599245283,1551.2837818287378,1557.6758516046868,1562.8827211932944,1567.3815384725801,1571.3815292252339,1479.554365912729,1485.4138748570178,1492.1892873631855,1500.5786768414214,1513.2659746943013,,1535.8182418256943,1547.3817271374292,1554.6383286029284,1560.3610703320358,1565.2061981380841,1569.4360971299425
11913.6,25.023,1482.4086017804275,1488.6833863181648,1496.0631042866316,1505.83732485534,,,1542.6402208041102,1551.296183940186,1557.6625284233469,1562.8733756031872,1567.3859268343447,1571.3779958784967,1479.5439069597126,1485.4202037697266,1492.1679881011341,1500.5695001845836,1513.2893034052079,,1535.8265817862841,1547.390540153125,1554.6283757373767,1560.3563520878288,1565.2073402325711,1569.442921320225
11937.1,24.9879,1482.4062832470458,1488.6802083250423,1496.055717509492,1505.845718334049,,,1542.6299073957414,1551.2930393746683,1557.6700346620012,1562.8741275560387,1567.382347502335,1571.3793581693224,1479.559165189023,1485.4233316956195,1492.1747446178979,1500.5693981628544,1513.26677829544,,1535.8053709170874,1547.399580372102,1554.6326331787209,1560.3534298055324,1565.203829799123,1569.43729836564
11960.5,24.9836,1482.4126896689015,1488.674835465698,1496.0451305314082,1505.8921917957798,,,1542.6873639064954,1551.2963126420377,1557.6576129490275,1562.8713248583135,1567.3884099264237,1571.3773393565957,1479.5722856424475,1485.414016555728,1492.203805107265,1500.5759314640436,1513.2809169692403,,1535.8370980064462,1547.3893272798236,1554.635510444141,1560.3528792119653,1565.1999190220813,1569.4361454432335
11984.0,24.9808,1482.4074412052635,1488.6836801304507,1496.0691989342488,1505.8701986241872,,,1542.6606492234648,1551.2930079657217,1557.6546797140231,1562.865355754747,1567.385153397898,1571.3707278938039,1479.5583466637352,1485.4194277714719,1492.1869400943108,1500.5878233627209,1513.2940624176288,,1535.8423603230758,1547.3856032560857,1554.622095019536,1560.356127489068,1565.204407811895,1569.4327668766239
12007.5,24.9409,1482.4080834226156,1488.6965394795668,1496.0652232802672,1505.811212297257,,,1542.5309080201084,1551.2885274842995,1557.6582742348744,1562.864873845366,1567.3757664486843,1571.373495305049,1479.5686195752398,1485.4166734701214,1492.1884075945359,1500.5616501097843,1513.3249349108235,,1535.805794218855,1547.3831446324632,1554.6122748652376,1560.3462862682547,1565.1999902851514,1569.4265154933516
12031.0,24.9512,1482.4204773312742,1488.69868584499,1496.0409851559762,1505.8990146135814,,,1542.5493773609296,1551.2586507910016,1557.659542585359,1562.8667274471877,1567.3746607277449,1571.3714710488293,1479.5751082113957,1485.42996101121,1492.1989805909825,1500.576591172936,1513.2783706589996,,1535.7575160957265,1547.3629265140494,1554.6192703173967,1560.3486002624838,1565.1956209736625,1569.4264989773192
12054.4,24.918,1482.4345225878697,1488.6806866382428,1496.0608090685603,1505.890765785962,,,1542.5444906425782,1551.2648022426745,1557.656270479717,1562.8712770156376,1567.3735586894254,1571.36382136004,1479.5550393095416,1485.4317672483467,1492.1961063530505,1500.5766245062464,1513.2844972871123,,1535.791114600561,1547.380883370482,1554.6189108978995,1560.35060402746,1565.1937318514047,1569.4298806419176
12077.9,24.8857,1482.4161588422196,1488.6682871732223,1496.0754016338221,1505.8698381193967,,,1542.6261835050584,1551.2708821616675,1557.6552161879313,1562.8695582096248,1567.3746612288887,1571.3659457162414,1479.5627029597883,1485.4240204306352,1492.1982771416092,1500.5591257331835,1513.3294325860454,,1535.7923778920308,1547.3836814788417,1554.6177540224614,1560.3457668255091,1565.1913367945315,1569.4278029957284
12101.4,24.9004,1482.411713824098,1488.6805054296317,1496.085038363665,1505.9046229237417,,,1542.5745105121086,1551.2478891696012,1557.6477283122838,1562.8690697469617,1567.3706091572053,1571.3642632160122,1479.566339461673,1485.4077336252499,1492.1920439035487,1500.583237311923,1513.3167971425776,,1535.7647838122857,1547.3673039044431,1554.611727037149,1560.3432867240463,1565.1836094080697,1569.427659246324
12124.9,24.9004,1482.4201696196697,1488.6927252251153,1496.0693124679533,1505.9036215741867,,,1542.5468095082708,1551.2621197628025,1557.6429944862382,1562.8555261981521,1567.3701341594508,1571.364223314546,1479.5789442741552,1485.4199184261893,1492.208612460077,1500.570417354391,1513.362636415853,,1535.8012130690565,1547.368633604446,1554.6064837579875,1560.3388434681267,1565.1873677674505,1569.4214366700144
12148.4,24.8605,1482.415822823893,1488.6958020463678,1496.083713827995,1505.8436967300354,,,1542.5155710091378,1551.2545635275874,1557.6390001776954,1562.8432876751326,1567.3592552996467,1571.3533806954217,1479.5742890952708,1485.4359574639452,1492.1934693844382,1500.5999728771499,1513.3070522459639,,1535.7931304916842,1547.356450206306,1554.6075497990016,1560.3299251198546,1565.1859498156311,1569.4229559579544
12171.8,24.8723,1482.4208686199634,1488.6859640121959,1496.090539663753,1505.8841232658042,,,1542.5424488100116,1551.2646729232285,1557.6460562170573,1562.8535505947245,1567.363004543588,1571.3584269043351,1479.5701466594996,1485.434406877232,1492.198642134894,1500.5734149635196,1513.3177847845452,,1535.7678255763644,1547.3745653809724,1554.6151961834883,1560.3367949171725,1565.1906017578997,1569.4182421435837
12195.3,24.8751,1482.4180624068522,1488.69403708669,1496.0824302309175,1505.8603067318134,,,1542.5667536090382,1551.2679026931075,1557.6308589179528,1562.8550945565773,1567.36062370283,1571.3550313941519,1479.574418248403,1485.4344255510102,1492.2054448844528,1500.587147940623,1513.3094945369874,,1535.7248012499092,1547.353180369943,1554.6052339629846,1560.3358696625698,1565.1880283356986,1569.4179148476583
12218.8,24.8502,1482.4210523207928,1488.7083008899335,1496.0793927519653,1505.9738641761373,,,1542.5760585028008,1551.2654798449078,1557.6360204098517,1562.8546132911893,1567.3677063432278,1571.3547794547053,1479.5658663343925,1485.430488871798,1492.2128602528385,1500.6163008644778,1513.3140967714382,,1535.752625272911,1547.3640578649408,1554.6041156106508,1560.3306562089947,1565.1881205127024,1569.4158049997882
12242.3,24.8432,1482.4169395824006,1488.707482685938,1496.10138843567,1505.9010645012147,,,1542.5430871423493,1551.2473097953393,1557.638129609633,1562.85118463911,1567.3696800413024,1571.3559320535592,1479.5695064033343,1485.423880071679,1492.199583363692,1500.5798090645897,1513.3010393147358,,1535.7467042533979,1547.3562421578042,1554.6024549551273,1560.3328557879756,1565.1799285995087,1569.418070413861
12265.8,24.8286,1482.43165461421,1488.699567486832,1496.0754645338502,1505.9761694125255,,,1542.5185516687488,1551.2526782274904,1557.6378749554967,1562.8463770982876,1567.3559445097942,1571.3557464130902,1479.5785696891803,1485.43377687281,1492.2019849476494,1500.600209071291,1513.3468595583865,,1535.7717662809005,1547.359930919307,1554.5997567530312,1560.3249778844067,1565.1782210603237,1569.4129578257362
12289.2,24.843,1482.425535700272,1488.6953652126965,1496.0895645386015,1505.8566063752583,,,1542.477828004675,1551.2467362592483,1557.6339479527007,1562.849139331932,1567.3668910599567,1571.3517333153982,1479.5803596799974,1485.4272901764061,1492.196992209158,1500.5775027946083,1513.230562121737,,1535.7836577058208,1547.3472289004608,1554.6011407796686,1560.327165344969,1565.1802697437736,1569.4163929912236
12312.7,24.8083,1482.4099755385557,1488.7212734205675,1496.0850762176979,1505.9029919000625,,,1542.5245030995468,1551.2705402434303,1557.6324158528175,1562.8359862453,1567.3656870793964,1571.3537763282861,1479.580225120212,1485.434758884708,1492.1964527988466,1500.5902536232613,1513.387335842409,,1535.7795482266704,1547.3357858311808,1554.5902654937015,1560.332159080104,1565.1792527300186,1569.4095275425432
12336.2,24.7791,1482.4262972852694,1488.6944625265808,1496.1026381196032,1505.9374567732127,,,1542.5155339793876,1551.2485789076272,1557.6220545066371,1562.8422476887465,1567.3612628755627,1571.3512949739845,1479.5823686264673,1485.4374524654331,1492.208444993935,1500.5955383144665,1513.327052127391,,1535.7539645173913,1547.34899167967,1554.5889183600602,1560.3260590806199,1565.182836318848,1569.4103680259482
12359.7,24.7869,1482.4314197614622,1488.6992560275999,1496.0723088170357,1505.9557886055159,,,1542.5659148357215,1551.236930144582,1557.6215680933344,1562.8411520360928,1567.3553556050047,1571.3559674764017,1479.5836781517949,1485.4359192085535,1492.209337298116,1500.5926832790924,1513.3420022895202,,1535.785434792113,1547.3463519482443,1554.5886766763788,1560.3240317707905,1565.176327846733,1569.4125372347767
12383.1,24.7821,1482.4284539052787,1488.6966787301828,1496.09746297994,1505.9714515110884,,,1542.5454825569539,1551.234392621371,1557.6171630134704,1562.851171799071,1567.3607852314517,1571.350709454361,1479.5837670651379,1485.4271680760621,1492.1911306498816,1500.5821728706374,1513.330288188781,,1535.7810848920863,1547.3529029244548,1554.5872079364221,1560.3224943076384,1565.1742200340657,1569.4079536636355
12406.6,24.7512,1482.4123239173466,1488.7196021044672,1496.0716876636918,1505.9639698682684,,,1542.5225968806972,1551.24639763209,1557.6272431783434,1562.8323408988697,1567.3579859215613,1571.3461665643201,1479.5926259173805,1485.4393833138324,1492.220310540176,1500.5909073737396,1513.307340010616,,1535.7414401475316,1547.3348318727426,1554.5875206682808,1560.3208712657952,1565.1775386321387,1569.4031334706283
12430.1,24.7638,1482.450262033431,1488.7189923988221,1496.1060120030509,1505.9338846287721,,,1542.520939349527,1551.237374317875,1557.625061755106,1562.8377323495831,1567.3572601375827,1571.3475553803023,1479.59674782566,1485.4521476589632,1492.2195281649083,1500.6222424349155,1513.3668288685142,,1535.6603557943001,1547.3389452539548,1554.5771569333408,1560.3198064390033,1565.1708437082916,1569.4036137163214
12453.6,24.7154,1482.4246220913092,1488.700668524295,1496.1052718947217,1505.9726809920958,,,1542.484449702092,1551.2445489362049,1557.6215592784567,1562.835133835382,1567.357244889164,1571.3436040186161,1479.580367099085,1485.4410484485622,1492.2166911444467,1500.617039244908,1513.385552099137,,1535.7115715339944,1547.338653846484,1554.5837214763271,1560.3202303487067,1565.1698239870072,1569.4019945714635
12477.1,24.6825,1482.435046856461,1488.7341804181815,1496.11472692476,1505.9148051222246,,,1542.4916937300104,1551.2309690712607,1557.6158205138797,1562.839719923868,1567.3511949243605,1571.3439818987645,1479.5812821345496,1485.4412896946515,1492.2209749432634,1500.597451347311,1513.383326765836,,1535.673388518617,1547.3264585859652,1554.5854480757357,1560.316256030671,1565.1713850707904,1569.3992872855326
12500.5,24.7049,1482.4300002886878,1488.7172820507035,1496.1077505653607,1505.9004969592002,,,1542.4992585174264,1551.2315320511416,1557.6098838408063,1562.83743403557,1567.3506926638515,1571.3410062121231,1479.5903471186853,1485.453162240755,1492.2224441913625,1500.5977490399891,1513.347573907455,,1535.6324289748936,1547.338400681001,1554.5720142010932,1560.3101618909677,1565.1619792808842,1569.4008120184326
12524.0,24.6299,1482.4383976672273,1488.7479752682355,1496.1053925215617,1505.9393169398907,,,1542.5573795892492,1551.2599863513635,1557.6077812806143,1562.8361514724322,1567.352301346722,1571.3381450770776,1479.5874249883386,1485.4501336726719,1492.2323881772581,1500.6102734249798,1513.3297502319274,,1535.6013819990928,1547.3194849985443,1554.5731638510515,1560.308239909164,1565.1675474361843,1569.3924770530143
12547.5,24.6697,1482.4305485169177,1488.7313046814807,1496.139857173492,1505.962903415766,,,1542.4999519495566,1551.2324339053428,1557.6090612459097,1562.82918630914,1567.3455481347048,1571.3422125843454,1479.5856658284652,1485.450035044161,1492.2276203594542,1500.6123656333798,1513.3624911256293,,1535.752278633805,1547.3183186619135,1554.5729254016373,1560.3111516562901,1565.1654772851532,1569.39247259803
12571.0,24.6586,1482.4504728261506,1488.729610108702,1496.0780574377527,1505.9584468006092,,,1542.5034772274646,1551.2097266918252,1557.6090507973647,1562.8304223844177,1567.3404884412842,1571.3356871439405,1479.588415478175,1485.4566284743423,1492.220962573392,1500.6427299539919,1513.374260283467,,1535.6807837104072,1547.3163535848432,1554.5654725837728,1560.3045570715137,1565.1607889537352,1569.3922819554946
12594.4,24.6337,1482.454645550508,1488.7170714923539,1496.1101407440913,1505.9764822328382,,,1542.468269191583,1551.2264940097948,1557.602547860927,1562.8325257853603,1567.3483221442798,1571.3349502122326,1479.5928445388352,1485.4542406760793,1492.2247477892568,1500.6065721894615,1513.3400830170046,,1535.6590593972153,1547.318249021261,1554.5801739633976,1560.3049567273854,1565.1605700615164,1569.39308277511
12617.9,24.6299,1482.4343457713892,1488.7257456793134,1496.129730054872,1505.9322903776906,,,1542.4697367177364,1551.2451834982146,1557.6010132175795,1562.833092601937,1567.3365776267829,1571.3274537846191,1479.593713845802,1485.4526434511754,1492.229380177186,1500.6360567527993,1513.433286092509,,1535.6502078555432,1547.3007158104544,1554.5682549021342,1560.3050049529604,1565.157288230177,1569.3877785258017
12641.4,24.6194,1482.4243909930954,1488.7208333967367,1496.1124011228944,1505.9251526796777,,,1542.4998142639781,1551.2183111230568,1557.6106303353451,1562.8301290455595,1567.33835478608,1571.3274030768089,1479.5917206867402,1485.4532739875415,1492.229522616763,1500.6324805525064,1513.3229959792345,,1535.6008854585502,1547.3113897730807,1554.5584154183146,1560.2992545099962,1565.159313587559,1569.3888962131603
12668.3,24.5279,1482.4390487545086,1488.7140444112272,1496.1174953316527,1505.9446457539032,,,1542.4572834441512,1551.2342367861045,1557.613129038534,1562.823399936742,1567.3342072634277,1571.3226989390641,1479.592045598965,1485.4625442519637,1492.2350106085694,1500.6276777193978,1513.4327643598378,,1535.6556187622798,1547.297815975083,1554.5563795647654,1560.2954764478006,1565.1493969662292,1569.3851556602108
12691.8,24.5547,1482.435830550449,1488.7426840345884,1496.127548743856,1505.8972832369943,,,1542.4348245947367,1551.2244223839357,1557.6041043213868,1562.8224667915736,1567.3437474769717,1571.3312877999933,1479.5850290364208,1485.4435531896786,1492.2355142881486,1500.6123069887087,1513.4618243138339,,1535.6081919320093,1547.3092528264017,1554.5693284184988,1560.2983347886093,1565.1557922304878,1569.3935955019363
12715.3,24.5786,1482.4404655742087,1488.7378315544386,1496.1469153316605,1505.9229998951453,,,1542.4557083450545,1551.2297525092372,1557.5902079492157,1562.8174396166005,1567.3392142958098,1571.3270996346134,1479.5942339798382,1485.447062737747,1492.2239464430552,1500.6074526325297,1513.4122199582082,,1535.6775732163592,1547.2896016870036,1554.5624623713682,1560.2970642921568,1565.1521692775493,1569.3864952781123
12738.8,24.5559,1482.4354318056612,1488.7405612992134,1496.123592378394,1505.9956508182,,,1542.4460585914005,1551.2349041559423,1557.5865428119419,1562.8222864491258,1567.332862503291,1571.3192546143307,1479.6025038446712,1485.460892799694,1492.2419218563941,1500.6407026857232,1513.3881592871796,,1535.5971720237274,1547.2956108530059,1554.5574806563623,1560.2964898669093,1565.1546369614614,1569.380969772514
12762.2,24.5607,1482.4436266363332,1488.7433979800362,1496.1561676506808,1505.9537495909742,,,1542.4492497967196,1551.1909809317335,1557.588260797419,1562.8193891591895,1567.3303600894617,1571.325614447636,1479.59744357588,1485.4467926656694,1492.2377833418925,1500.6088734158363,1513.3387969256742,,1535.6247798532354,1547.2870976347533,1554.5554608851928,1560.293118908267,1565.1518599769058,1569.3809998816103
12785.7,24.538,1482.45682328615,1488.7488559880644,1496.1640091399386,1505.8879812442738,,,1542.4695907749492,1551.1987335951524,1557.5899724918327,1562.8157344986894,1567.3349269748408,1571.3209217868557,1479.608313226486,1485.4586624060032,1492.2283130429853,1500.6531174621523,1513.3351078067437,,1535.5895706170547,1547.2827937391144,1554.5515818562808,1560.2866591879642,1565.1489164972006,1569.3807579478976
12809.2,24.5168,1482.4378747043202,1488.745605516668,1496.1304063179603,1505.9582254435084,,,1542.4654908112955,1551.196519103498,1557.580798595944,1562.8186204504213,1567.3297309833224,1571.3192639730294,1479.5946702124115,1485.4688978120216,1492.250061975079,1500.6461278683792,1513.4633501436863,,1535.6283907631246,1547.2882183182703,1554.5564087867442,1560.2902430733013,1565.137921024703,1569.3767084627834
12832.7,24.5059,1482.4378879792985,1488.7578377858642,1496.1363524941912,1505.9026109798535,,,1542.436614560483,1551.2029270458488,1557.5876657138303,1562.8115792112326,1567.3249554127135,1571.3174416524203,1479.6075271251723,1485.4504931771264,1492.243578598785,1500.644549421284,1513.5166075734614,,1535.5990108865128,1547.2884800732065,1554.537055445147,1560.2861648665032,1565.136180748694,1569.3794348117021
12856.2,24.495,1482.432057295891,1488.7290711195965,1496.1365299683946,1505.9761734763988,,,1542.4146321697906,1551.1643284521808,1557.5869004106787,1562.807650611076,1567.324528924255,1571.3228988444885,1479.607116601537,1485.4687977274546,1492.2403629026205,1500.6374086421067,1513.3400521148951,,1535.5053384100597,1547.2784398740316,1554.5425863290466,1560.2849734814802,1565.1411817348765,1569.3764400234866
12879.6,24.4798,1482.4587689936138,1488.7345085886348,1496.1715386453507,1505.9067489203255,,,1542.4026178581482,1551.1965511105961,1557.581282404204,1562.8098858955073,1567.3174007226269,1571.3192093868288,1479.608452468269,1485.4480736557095,1492.2300883582463,1500.6458492680013,1513.4284426040442,,1535.5308807967474,1547.2689653619784,1554.5381127869398,1560.2797861307943,1565.1390423930372,1569.3686099861354
12903.1,24.4577,1482.4467420007243,1488.7542855692923,1496.136251245103,1505.9861105368761,,,1542.4354478484565,1551.1910573030314,1557.5805448633405,1562.8047361075264,1567.3229202918292,1571.3141964810875,1479.60719629217,1485.4730332576564,1492.2417255138714,1500.6347540215138,1513.4890953250483,,1535.5928018024076,1547.271874994475,1554.537871600787,1560.2857649337,1565.1406614338664,1569.3718708263366
12926.6,24.4868,1482.4482112702349,1488.7614081432837,1496.1428481068801,1505.9726221913365,,,1542.4187667237875,1551.1889073690502,1557.5884682773628,1562.8077460949705,1567.3308921096154,1571.3149884216105,1479.6141671803987,1485.4650689551495,1492.2598091940044,1500.6375902733687,1513.4375425820895,,1535.527869549741,1547.2753988968611,1554.5429472149349,1560.2792095750278,1565.1454057687172,1569.379179080632
12950.1,24.4808,1482.4724920045983,1488.7520745937566,1496.150943507329,1506.0054396480443,,,1542.4429978803648,1551.1924258064516,1557.5720370588226,1562.802960494786,1567.3164901665455,1571.3126344569598,1479.6109901765185,1485.463226627611,1492.2363561168236,1500.635112523897,1513.4430798385317,,1535.601412151644,1547.2739705748716,1554.5424148106722,1560.2673979606645,1565.1322366991355,1569.3684321992553
12973.6,24.4698,1482.4567918807338,1488.7372830704799,1496.1640707202275,1505.960983195377,,,1542.433607647582,1551.1945566236134,1557.5707149831846,1562.8072885504162,1567.325346954761,1571.3106310156645,1479.6052790691886,1485.4727887265872,1492.254442275121,1500.668851313556,1513.5098702900614,,1535.5585701506538,1547.2647298704142,1554.5427580224232,1560.2787972214965,1565.1339159976626,1569.3646454423274
12997.0,24.4309,1482.4437637378624,1488.740168700925,1496.1231475310963,1505.998812980502,,,1542.417661654926,1551.1983678267436,1557.5711415303538,1562.810633148145,1567.3235174545516,1571.304436500969,1479.6178075463563,1485.4676358620902,1492.2333305481284,1500.648588098872,1513.4733719156234,,1535.5127093923368,1547.2708386258778,1554.538840896561,1560.2780959345782,1565.1328312629266,1569.3686799438215
13020.5,24.3948,1482.4503836559618,1488.759535301768,1496.1592588439628,1505.982778783782,,,1542.3997921630796,1551.1783870794704,1557.568292699076,1562.8054608953926,1567.3182748855556,1571.3029080352574,1479.6123233273943,1485.4652584636624,1492.2264652691947,1500.6575998994724,1513.460934716728,,1535.5190542446003,1547.2620615752726,1554.5364908376444,1560.2760929335993,1565.125480684303,1569.3643742903234
13044.0,24.4187,1482.4536214395619,1488.7594813551145,1496.1549352356888,1505.996177614246,,,1542.4488421539822,1551.162702784323,1557.5631546323789,1562.805068233044,1567.3118937104755,1571.3050466948177,1479.617092239075,1485.4624382387822,1492.2610367849793,1500.6635402403774,1513.319393296759,,1535.5093865004299,1547.267943137884,1554.5282764612864,1560.2740614779634,1565.1326825887102,1569.3618877085842
13067.5,24.4018,1482.4527396465269,1488.7504336208315,1496.167787187464,1505.9530848290171,,,1542.4205010086378,1551.1546235351484,1557.568340147065,1562.7957830729622,1567.3175069136632,1571.3028914591764,1479.6118225127655,1485.470283250029,1492.2503636307326,1500.6432369085696,1513.4318759342302,,1535.5149624017479,1547.2547437308413,1554.5239671515828,1560.2720805574368,1565.12641131123,1569.361328677437
13091.0,24.3409,1482.4493846934793,1488.7675595413114,1496.1595493413074,1505.9875725937065,,,1542.3926751592358,1551.1766853593233,1557.5689195516522,1562.7990996792296,1567.311612173142,1571.3019715910004,1479.6153599863667,1485.4754448729961,1492.2486786362067,1500.6409307938295,1513.5134372256366,,1535.5153681367904,1547.2512332407084,1554.5237966743493,1560.2656432581982,1565.12023797701,1569.3578875948995
13114.4,24.3697,1482.4671362757658,1488.760572875874,1496.1489851821777,1506.0321050255416,,,1542.4037475277444,1551.1586081021906,1557.5664675126802,1562.7930749087693,1567.3027777971504,1571.2949033582127,1479.6051512128668,1485.4663289718103,1492.245915934873,1500.666895088395,1513.5266079114076,,1535.5081518630495,1547.2449091846506,1554.5197362109038,1560.260648696265,1565.115790358374,1569.3583851191806
13137.9,24.3311,1482.4535945295388,1488.765334144347,1496.1456543745373,1505.9193489873455,,,1542.4147058476524,1551.1465196760998,1557.5689283445968,1562.7956394960968,1567.313136962214,1571.3011989503686,1479.611376449259,1485.4785651899806,1492.234930786272,1500.670503408142,1513.4371171287712,,1535.5285573061688,1547.2587186070768,1554.521286985778,1560.261226488824,1565.1250619659988,1569.3541801193994
13161.4,24.3325,1482.4655895905285,1488.7642324426786,1496.182032766188,1505.9485022490849,,,1542.409702322454,1551.1536120711892,1557.5579103175878,1562.7841901321424,1567.308043629244,1571.2976467324884,1479.614412338185,1485.4758453971983,1492.271955996928,1500.6515616164254,1513.4462560171153,,1535.485414458802,1547.2427014162772,1554.5103536529884,1560.2629521669157,1565.1197658593344,1569.357299963926
13184.9,24.2682,1482.4481181505287,1488.7641443605764,1496.1709952007213,1505.9455140277435,,,1542.4315399771504,1551.140882833977,1557.560713292941,1562.787808071887,1567.3047551125649,1571.2935349621948,1479.6129041073705,1485.472695429936,1492.2583826656032,1500.6559249263184,1513.4925333152025,,1535.4964553170246,1547.247572617989,1554.5040563536097,1560.2593354964526,1565.1196305711512,1569.3595277030045
13208.3,24.3185,1482.4777471558339,1488.7739929535976,1496.1900895468425,1506.024314924279,,,1542.3866689014983,1551.1465285189697,1557.5616221506941,1562.7932269970856,1567.309464190029,1571.2976992208103,1479.6145757737543,1485.4733500482578,1492.2751855086326,1500.6707224919385,1513.5734775164326,,1535.5373606981075,1547.2482649747212,1554.504491713836,1560.258415238538,1565.106692074424,1569.3575642969283
13231.8,24.2986,1482.4640484809956,1488.7799251598008,1496.1833110358837,1505.9890670864452,,,1542.3781374885955,1551.1553383118594,1557.5482272924116,1562.7866550450121,1567.3019768128133,1571.2892536081863,1479.6106958156095,1485.4812935285333,1492.2770704273853,1500.6647926424519,1513.5427504857064,,1535.4652094939524,1547.2332035591965,1554.503879417163,1560.2519226630495,1565.1095318925918,1569.3555534038467
13255.3,24.2975,1482.468452874626,1488.7782379250882,1496.1873494368049,1506.0795727653808,,,1542.4073892797662,1551.1490722045414,1557.5445532741471,1562.7841726869983,1567.291730553947,1571.2898345448773,1479.6193151054138,1485.4857379913092,1492.2678494571655,1500.6741842634117,1513.5578790620523,,1535.4726308464071,1547.22630010907,1554.5043325902573,1560.2532048562105,1565.1077474373237,1569.3462578613858
13278.8,24.2654,1482.4625976203693,1488.7636602604487,1496.1622634352702,1506.0180767701788,,,1542.395761561443,1551.1448945985755,1557.5409110888397,1562.7774386636506,1567.3000233327061,1571.295136539317,1479.6205496791313,1485.4785808210345,1492.275466268909,1500.6714725989855,1513.5965726331128,,1535.5001649486233,1547.2297651137426,1554.5058956757985,1560.2627376858134,1565.1095174589925,1569.3450198490734
13302.3,24.263,1482.4684945168242,1488.7696418507019,1496.214319099918,1506.0005094175056,,,1542.3913155198998,1551.1370583794528,1557.545390336222,1562.783160614767,1567.2987220001778,1571.2930596982665,1479.6121775818604,1485.4859825478163,1492.2670201710048,1500.6786730273427,1513.5707573973118,,1535.477074878473,1547.2308050360255,1554.4973228152185,1560.2478253749211,1565.1095840935475,1569.3466078676172
13325.7,24.2874,1482.4579686517593,1488.7870891645257,1496.2039555727997,1506.0652567478603,,,1542.3941534439375,1551.137316039891,1557.5461283312097,1562.7811431864409,1567.2928096858723,1571.28543060337,1479.6194192698094,1485.4873522203945,1492.2782776372019,1500.681667142265,1513.5069797051817,,1535.4839544962936,1547.2280283671435,1554.4959371041093,1560.2542935127797,1565.1060264534021,1569.3451226421967
13349.2,24.2715,1482.4678558324874,1488.775106181168,1496.2404845944554,1505.945086010625,,,1542.3762447883557,1551.1362390126412,1557.543354176263,1562.781617632755,1567.3011678833655,1571.2966029396948,1479.6219221514573,1485.480781044049,1492.282921278066,1500.6854814698647,1513.6253807619278,,1535.49246443075,1547.2284136889725,1554.4993056392457,1560.246320245248,1565.1070851095562,1569.341769328035
13372.7,24.1729,1482.483560070423,1488.7703922878998,1496.198113161289,1506.040280013135,,,1542.373109030122,1551.1220773893442,1557.5394263950532,1562.7720804547516,1567.2955426220158,1571.2863558861188,1479.6160456450862,1485.4841376253646,1492.258678856554,1500.7017889310519,1513.6659452317479,,1535.4579299666927,1547.2283326716122,1554.487948937376,1560.244210524999,1565.1035082122457,1569.344923978838
13396.2,24.2025,1482.4665111367306,1488.7868375215783,1496.2189262549869,1506.0933026331284,,,1542.364210589734,1551.1374499875444,1557.5366592987884,1562.785498021235,1567.295605242587,1571.2889225091096,1479.619135993033,1485.5023363355317,1492.2681478147942,1500.6788237225458,1513.5989574645537,,1535.4729080282311,1547.21151395556,1554.495327405727,1560.244848691605,1565.0955220299004,1569.3407834372258
13419.7,24.1804,1482.477451576741,1488.7820367421068,1496.1827395407909,1506.0295171287582,,,1542.3732127677288,1551.1388905948108,1557.5463481050806,1562.7842385790432,1567.2905281941594,1571.2857176078523,1479.6328560035172,1485.4865928746322,1492.2794890074103,1500.6995153483815,1513.5465896781648,,1535.4318569014085,1547.2178500114373,1554.4875182642872,1560.248647425642,1565.1008763187435,1569.3375268848463
13443.1,24.187,1482.47730205374,1488.787415924663,1496.224214337751,1506.0022238419913,,,1542.3774400198315,1551.1266589046572,1557.5329657785833,1562.7746184546813,1567.286947676236,1571.2828624086244,1479.6301463491948,1485.4834190962044,1492.2833599661087,1500.7043673531136,1513.5452862134925,,1535.4151573670233,1547.2096577916261,1554.4862521600119,1560.237745977172,1565.0967473007722,1569.3405846313342
13466.6,24.2067,1482.468893671274,1488.792390225059,1496.2071112849799,1506.0025198237886,,,1542.3713041079557,1551.1133740276339,1557.5387068421633,1562.7746141380799,1567.2891192338784,1571.2824868164228,1479.6236334064288,1485.4891258607606,1492.2872331160104,1500.7008876247842,1513.6594512733993,,1535.4572653800012,1547.2141584511132,1554.494053468418,1560.2392404541401,1565.1010543843636,1569.3380106978082
13490.1,24.1748,1482.466964079151,1488.7909348849264,1496.21190394618,1506.0558097977203,,,1542.3831742774755,1551.136388955114,1557.5285743468646,1562.7768779777698,1567.2904208158182,1571.2804085711557,1479.6359549396004,1485.4955943318662,1492.2914349555233,1500.712788587598,1513.5239245019368,,1535.4506195250576,1547.2205812471468,1554.4883392891522,1560.2381612266188,1565.0960649830363,1569.3369284316532
13513.6,24.1436,1482.4769402638176,1488.780795981022,1496.223425002739,1506.0875231429216,,,1542.3808835606835,1551.1204822908715,1557.534192019411,1562.7682562921295,1567.2903199785342,1571.2803846080844,1479.6376269261912,1485.4817141720257,1492.2620678376886,1500.7142013239888,1513.7104339484617,,1535.478415521423,1547.2052654412028,1554.4783197748318,1560.2347980620716,1565.0961105949395,1569.329415756423
13537.1,24.1646,1482.4806736977296,1488.7917603271342,1496.2361387699686,1506.073023288771,,,1542.3626979178632,1551.1409385365164,1557.5317429471768,1562.7655379021674,1567.2869470251107,1571.2778488892006,1479.6272949466027,1485.499249586809,1492.2985668211222,1500.6933617910834,1513.6774271007457,,1535.4481147833874,1547.2033113670798,1554.4845257555917,1560.228327861705,1565.089599055248,1569.3372473204527
13560.5,24.1348,1482.4738012315286,1488.7853437136434,1496.2135767192137,1506.0023594708948,,,1542.3590455141657,1551.1381350953413,1557.5320868729243,1562.7706333610258,1567.2797993445324,1571.2827907596811,1479.6244083726112,1485.490971627521,1492.2824985536572,1500.7254993099339,1513.6814483214066,,1535.444636847248,1547.2083923838597,1554.4805730410799,1560.2402529332533,1565.092712223182,1569.3373118479267
13584.0,24.1149,1482.4743075784118,1488.8045873361434,1496.2185345256166,1506.0644122637414,,,1542.3847777272442,1551.1091706146974,1557.5241250774636,1562.7616797158578,1567.2844796197915,1571.2785222998052,1479.6366943268129,1485.4998874420467,1492.2866991999463,1500.7209836839515,1513.5661075622916,,1535.4045648832066,1547.2143318633082,1554.4815420252635,1560.2423435763624,1565.0977531431392,1569.3306613578134
13607.5,24.0566,1482.4855327393316,1488.8039003427498,1496.2210771345415,1506.0294100562653,,,1542.34520070949,1551.1402320419625,1557.5218733692477,1562.762784301164,1567.2814184710917,1571.272219504688,1479.627116627481,1485.4985362890902,1492.3020503135194,1500.7346030110557,1513.7065301105076,,1535.4587453758438,1547.1938352469188,1554.4712321062502,1560.2307567140579,1565.086681571246,1569.331124298219
13631.0,24.0594,1482.4861886485883,1488.7921941191623,1496.197551184008,1506.0661677626197,,,1542.3750223396773,1551.1315963664306,1557.5202290743262,1562.7642611436054,1567.2784295357003,1571.2700097231916,1479.6445401972169,1485.496196557888,1492.2995212986584,1500.730772270851,1513.528449462958,,1535.384946058397,1547.1919670173427,1554.4788247216836,1560.2329777187342,1565.0887389827988,1569.327364416337
13654.4,24.0602,1482.4778811593615,1488.7973662530205,1496.237637628475,1506.0467321696212,,,1542.3336882748906,1551.1197731181724,1557.5242922528594,1562.750310258502,1567.2805511396846,1571.27400820585,1479.6405078343646,1485.5075564498438,1492.2925514633573,1500.7276851370423,1513.6116427807058,,1535.4117037752876,1547.1991486791865,1554.473352954626,1560.229873989206,1565.0861735923854,1569.3280207526825
13677.9,24.0595,1482.4840585185166,1488.7922056176055,1496.2282217706652,1506.1237176300808,,,1542.3261836122285,1551.1101906845638,1557.5280692862345,1562.7598386133536,1567.2782371046846,1571.2761219732529,1479.6335951057501,1485.4869182986045,1492.301292641637,1500.7493733899273,1513.6811606280874,,1535.3851518081165,1547.1930961539017,1554.4676476814805,1560.2266289567483,1565.0802468296406,1569.3276699948117
13701.4,24.0604,1482.4709857835373,1488.7957762961203,1496.2215287794768,1506.1192545954225,,,1542.354428529331,1551.09769215656,1557.5170885303687,1562.7595705821443,1567.2788274261204,1571.257502536685,1479.6282690384378,1485.522109652409,1492.3006302608092,1500.7165892309938,1513.7608548399799,,1535.3561824890505,1547.1915708055722,1554.4638413639086,1560.2230220089602,1565.086065115761,1569.3225518582203
13724.9,24.0456,1482.4860683442537,1488.7936477362164,1496.2505410135172,1506.0953563540063,,,1542.3308001747753,1551.0739875150346,1557.5201845139873,1562.7599218855294,1567.2689093211306,1571.2732753234204,1479.6470259220646,1485.4894726102552,1492.3146239655232,1500.75576123377,1513.6796005198883,,1535.3473742789756,1547.1791411036866,1554.459126467666,1560.2115551049656,1565.0827008598524,1569.3199095256819
13748.4,24.0264,1482.4822615418568,1488.8033167573572,1496.2602224037466,1506.1837510915811,,,1542.3503451039214,1551.1037594617605,1557.5091429613196,1562.756075468178,1567.2679499798405,1571.2613541802964,1479.6379843055993,1485.4976840677184,1492.2914895722154,1500.7049837693107,1513.727998952331,,1535.4404352606982,1547.1689526507337,1554.4626662986147,1560.2191168445306,1565.0794086256715,1569.322614456061
13771.9,24.0215,1482.5069149033352,1488.8065040356885,1496.2336845276143,1506.115588331918,,,1542.3659386865368,1551.116218302614,1557.5116262201059,1562.756441585902,1567.2757369146532,1571.2649654123477,1479.6387917194859,1485.5053345529916,1492.2874837472637,1500.7443216809108,1513.7298214833238,,1535.3759235182727,1547.1833693181213,1554.4497476817503,1560.2107734595065,1565.0789643422627,1569.3139638266234
13795.3,24.0517,1482.484399144815,1488.8034711064324,1496.2510467276538,1506.1479031305375,,,1542.3521401311848,1551.1124192203388,1557.509760427618,1562.757484229106,1567.2706819201435,1571.266595450594,1479.6401028430082,1485.4948817970085,1492.3117032562961,1500.7433450866617,1513.6473196171075,,1535.4263047910542,1547.1904731460804,1554.4550611122147,1560.214210022432,1565.0775095326157,1569.3174272935362
13818.8,24.0272,1482.4949134608328,1488.812112399576,1496.2320578252293,1506.1930968613663,,,1542.3387211931404,1551.0991899735245,1557.5112828730093,1562.7522241210336,1567.2615323759642,1571.2615538726195,1479.6627524117207,1485.5118417257054,1492.3067688189426,1500.7237136407164,1513.7397812485624,,1535.3620763669228,1547.1845472775624,1554.4600397250201,1560.2116836028447,1565.0801974962226,1569.3159011294752
13842.3,24.0283,1482.4961302349866,1488.7887876626266,1496.2422658291057,1506.080454453982,,,1542.3126804059666,1551.087902145373,1557.5141126239616,1562.7567703468578,1567.2648222808075,1571.2589038390265,1479.6301062714074,1485.5080951585833,1492.3107238434502,1500.713550504639,1513.7397164075119,,1535.414185389898,1547.1842803179236,1554.4635330506046,1560.2117330257383,1565.0730489767188,1569.3183192272265
13865.8,23.9922,1482.4853889810788,1488.8009161365007,1496.2656044883583,1506.1450286144086,,,1542.3265180627955,1551.082139315868,1557.511721395308,1562.751520117656,1567.2706937542828,1571.25941033203,1479.6482557165045,1485.5035232701218,1492.3171874146049,1500.7554750442478,1513.7404600130665,,1535.3043468955573,1547.166087213527,1554.4592632451427,1560.212164292274,1565.0708561876365,1569.3134364013306
13889.2,23.9587,1482.4831815125892,1488.791294096044,1496.259044664853,1506.0418079945737,,,1542.3212583908205,1551.0844008801425,1557.5095397066734,1562.751311730432,1567.2661868122975,1571.2673073484925,1479.640308051639,1485.5163501359136,1492.3100751631905,1500.731491094986,1513.732838522325,,1535.3662997023177,1547.1704721864605,1554.455955629746,1560.2074894435877,1565.0734033364663,1569.3145417050462
13912.7,23.9628,1482.5009366385823,1488.809670944799,1496.235178920067,1506.108140369772,,,1542.3191118521397,1551.0948821214333,1557.4948023129898,1562.7342423287498,1567.2563129169027,1571.2657038657803,1479.6530964473625,1485.5095580959362,1492.320731713026,1500.753871331906,1513.6700857986968,,1535.3476034037649,1547.1618435375194,1554.4536782404753,1560.2061881936731,1565.0770975750388,1569.3110224858958
13936.2,23.9822,1482.4971870636118,1488.8181655897147,1496.246395265699,1506.1451683504486,,,1542.3201730922615,1551.084181502526,1557.5025930236375,1562.7349293747632,1567.2621616532865,1571.2636732522278,1479.6434221185314,1485.5178812194279,1492.320431454399,1500.7683175970026,1513.784780637437,,1535.3408508544985,1547.1724239119496,1554.4454703112676,1560.2015860025647,1565.0688528293601,1569.3122588191932
13959.7,23.9709,1482.483990298468,1488.817489698308,1496.2602214502456,1506.2019445668147,,,1542.3297762812804,1551.073911223884,1557.509981416573,1562.7393643299783,1567.2551425947586,1571.262870107814,1479.6381227147626,1485.503857172602,1492.3089104603225,1500.7432632646676,1513.766561498002,,1535.3531099488139,1547.1780112181907,1554.454108768602,1560.2136369586706,1565.0608589997591,1569.311476739653
13983.2,23.9589,1482.5025345625256,1488.8131425580518,1496.2377205688606,1506.1223652304304,,,1542.3099547267682,1551.064691441472,1557.5071438702219,1562.7369557889979,1567.2498731624169,1571.259757288221,1479.64619722124,1485.5225361873245,1492.3471161378047,1500.7547530940933,1513.6835656853502,,1535.3415100777258,1547.1689562719628,1554.4468101583232,1560.2038265830931,1565.0724629308877,1569.3081389575254
14006.6,23.9063,1482.5061226746336,1488.8171181354317,1496.236411403079,1506.095815175596,,,1542.3286485435847,1551.0753141768273,1557.4994904847308,1562.7430923740976,1567.2614182161274,1571.2608091943987,1479.6604888074526,1485.5263228893098,1492.3161877064629,1500.758538257883,1513.7843006748242,,1535.3849682576233,1547.160432253487,1554.4387153357764,1560.2016585871404,1565.0590187163464,1569.3096459336975
14030.1,23.923,1482.5048328945225,1488.8201998224563,1496.250958969011,1506.1241189771715,,,1542.3086149576077,1551.0792596350486,1557.5014629869422,1562.741219033199,1567.2593844485073,1571.257711121707,1479.6543584991177,1485.5214609256823,1492.329470433474,1500.7742577294582,1513.7781255994837,,1535.2797718332022,1547.1580767101607,1554.440322577863,1560.1948161622374,1565.0690842702822,1569.3103323711268
14053.6,23.9403,1482.4845688377925,1488.803961271731,1496.2232557064694,1506.1541197442873,,,1542.3207750952986,1551.053816900926,1557.4899018561002,1562.7338292777029,1567.254391648493,1571.2505580570362,1479.654340510898,1485.5182740796406,1492.324377321811,1500.7655806596902,1513.7440354608993,,1535.2738130672392,1547.1614725454108,1554.4403833302902,1560.1869293760608,1565.0578878441954,1569.3054168107706
14077.1,23.9177,1482.501444798036,1488.8158727508594,1496.2544330860592,1506.1811456154285,,,1542.2952712743158,1551.0577089755159,1557.5025570295145,1562.7404043317752,1567.2473786654864,1571.2562275165972,1479.6591281449498,1485.5166992662414,1492.313710945074,1500.7447795156145,1513.7709104820199,,1535.3589664455576,1547.1577017382317,1554.4419603800025,1560.1963418439116,1565.0669149501116,1569.307530269422
14100.6,23.8902,1482.4996861765806,1488.8194084016088,1496.2249561779577,1506.0429222287758,,,1542.3019922738983,1551.0586148414097,1557.5032016685793,1562.7313686556236,1567.2467536359868,1571.2521078558855,1479.6606418475703,1485.5139353276672,1492.3292723181755,1500.7648850269834,1513.7513229959457,,1535.3382792273806,1547.148688659739,1554.4441389469184,1560.1961283385854,1565.055022099818,1569.3017269218387
14124.0,23.8824,1482.5072689987041,1488.8244163291242,1496.2676177893538,1506.1321428715155,,,1542.2902230968919,1551.0313872707059,1557.486089921913,1562.7355850640695,1567.2536582726812,1571.2509550215648,1479.659088927854,1485.534795009769,1492.3121939237622,1500.766002676808,1513.7864693996264,,1535.2877617533288,1547.153379344849,1554.441510194024,1560.195951129318,1565.0619946169468,1569.300781151463
14147.5,23.8751,1482.5233703650254,1488.8280269662657,1496.2597932144963,1506.2598760689955,,,1542.2868191211178,1551.0625288010744,1557.486616349126,1562.7316793543062,1567.2497627591931,1571.250097196462,1479.6507218141894,1485.5167878469813,1492.319230343928,1500.7565186371223,1513.7365709897792,,1535.2510390961188,1547.1553749487887,1554.431435096741,1560.1954590263838,1565.058476699548,1569.2975165765272
14171.0,23.877,1482.4974063420627,1488.8125920533391,1496.2619255874672,1506.1463817794029,,,1542.2861087631031,1551.0389095779128,1557.4823855670988,1562.7276214825786,1567.2462824776615,1571.2542443131342,1479.6681510889173,1485.5236953000115,1492.335430433129,1500.77509684833,1513.827381481124,,1535.3164883969057,1547.1449932353316,1554.4294149028538,1560.1818933107425,1565.0573735760925,1569.298903342967
14194.5,23.8546,1482.5090284600738,1488.8142409044665,1496.252127122241,1506.2620437583394,,,1542.299454715796,1551.0320731314225,1557.49937922586,1562.732364814323,1567.240572276052,1571.2536468666988,1479.6467162325753,1485.5185597816671,1492.3375324735287,1500.761501012075,1513.7317156006363,,1535.2934057757373,1547.1446382352617,1554.4281657649012,1560.1862703629145,1565.0534614600515,1569.2968155264919
14218.0,23.8527,1482.5118437752215,1488.8273637984098,1496.250773008312,1506.185580607851,,,1542.259420775416,1551.0303134497774,1557.4745920673106,1562.7209442661483,1567.2455290144123,1571.2414125831372,1479.6621984332023,1485.5385747612554,1492.32881045509,1500.7999732835426,1513.7775831826277,,1535.2375230054877,1547.133688191283,1554.423660451441,1560.1877472434521,1565.0510621038081,1569.2952752389997
14241.4,23.8542,1482.5181681827128,1488.8451321377051,1496.2927933737499,1506.1157651390238,,,1542.2966447929903,1551.036144631969,1557.4761097921803,1562.720050052339,1567.2387610861913,1571.2490977709513,1479.663802596353,1485.5304646256504,1492.3365377963953,1500.7788826375436,1513.7758520937932,,1535.3340722233593,1547.1377548284954,1554.4217617183267,1560.1831465631285,1565.0442573074024,1569.2968497472134
14264.9,23.8315,1482.518613665335,1488.8376676672672,1496.2717434568804,1506.1707107888626,,,1542.2817216295903,1551.0424270395204,1557.4836870319732,1562.7142713212272,1567.2434601749837,1571.2481185251002,1479.6649101869943,1485.5348982608518,1492.3328999323278,1500.807490215814,1513.774038399959,,1535.3191950237833,1547.1421625485114,1554.426348188648,1560.1849171649642,1565.0484626182244,1569.2939111878457
14288.4,23.8506,1482.511653533239,1488.8273526639593,1496.2689106964035,1506.1768364634252,,,1542.2919931078134,1551.0353191030874,1557.4802124665298,1562.7140844519697,1567.2389041536092,1571.244313111571,1479.6647078825306,1485.5273848446388,1492.31914748113,1500.7962086890232,1513.7223620857067,,1535.2679941283704,1547.128040563183,1554.4180194312494,1560.1780705872723,1565.0532672515346,1569.292362382974
14311.9,23.8279,1482.5103500852254,1488.8261729975416,1496.2804297650175,1506.2028654950648,,,1542.2661375243147,1551.0356479666848,1557.4853067486554,1562.7116719716346,1567.2360735916056,1571.2447448807918,1479.6721863431271,1485.539208475145,1492.3483248342393,1500.7838242608211,1513.778446028118,,1535.3038060479666,1547.1487087406094,1554.417066692007,1560.1871263587611,1565.0495428433637,1569.2929434756122
14335.4,23.8319,1482.5246523587705,1488.8370317559582,1496.2703090262205,1506.199902230014,,,1542.2849307199497,1551.0312603283248,1557.4680696145244,1562.713901397308,1567.2324597445383,1571.2357425974249,1479.6681923173728,1485.525891174208,1492.332647050489,1500.8008012066352,1513.8196429382638,,1535.3118157494457,1547.131216241003,1554.4205557797159,1560.1696963394343,1565.04968569082,1569.2848449043076
14358.8,23.8184,1482.5207427369319,1488.8316610281138,1496.2766258207932,1506.2067046815996,,,1542.2734516716994,1551.0114679843632,1557.4739617318116,1562.7181781078443,1567.2296271667656,1571.2448822435551,1479.6618812251493,1485.537474980959,1492.3415442517548,1500.7758067790198,1513.8108707978938,,1535.2307472909717,1547.1244348347386,1554.4150764248252,1560.1755941791462,1565.0431507679716,1569.28943549376
14382.3,23.7576,1482.5413443611553,1488.8193694080287,1496.2847477344114,1506.195311601103,,,1542.297886821604,1551.0145166947214,1557.4814185834664,1562.7101394644853,1567.2246822090997,1571.245356347356,1479.6648203034592,1485.5428397701978,1492.3488592807046,1500.7895305928532,1513.8210212548015,,1535.2630413791478,1547.1280974140795,1554.4084356578396,1560.1734174685246,1565.0443884708302,1569.2889115127039
14405.8,23.7776,1482.520689109001,1488.8502444137453,1496.277204601811,1506.1995205643013,,,1542.2833672544216,1551.0164396667499,1557.471800689552,1562.708201832875,1567.225215507793,1571.2414524781207,1479.6646361546177,1485.552362028837,1492.3413159095305,1500.7945380552774,1513.8145579872626,,1535.2077223771255,1547.1230864859633,1554.4092003171927,1560.1682080764872,1565.0395908566359,1569.2835751309926
14429.3,23.7697,1482.5281044045778,1488.852797808186,1496.2842761563497,1506.1851162124572,,,1542.2874340456083,1551.01535602639,1557.4834826015624,1562.7017147081765,1567.227496504747,1571.2383867636158,1479.6751238860975,1485.556752318697,1492.3630277828272,1500.8042951001476,1513.7497200337775,,1535.2264869873754,1547.1252715516573,1554.410551271998,1560.1760378595684,1565.0415307909814,1569.2880031885666
14452.7,23.7589,1482.518455948645,1488.8253628823463,1496.2755296124428,1506.209334318943,,,1542.2454691903288,1550.9895895424352,1557.4627470597893,1562.7024329791789,1567.2265447713548,1571.2437063124232,1479.6740138232235,1485.5445218055313,1492.3598131094068,1500.7664630270292,1513.7727016616468,,1535.2811429951894,1547.124101254263,1554.416635688775,1560.1733381120187,1565.0384951190579,1569.284499518558
14476.2,23.7042,1482.5307193337737,1488.8329589740645,1496.286419052255,1506.1866910519448,,,1542.2675052758132,1551.0064967815254,1557.4685939385517,1562.703553253445,1567.2250039072296,1571.2361463105403,1479.6686500221583,1485.5416945384968,1492.3588891207946,1500.7791692959522,1513.8346096701282,,1535.2792236339728,1547.1198807748533,1554.409112861101,1560.1674345693204,1565.0403598405703,1569.2867294288915
14499.7,23.711,1482.530343488045,1488.8553924967882,1496.2717119551467,1506.2130398779218,,,1542.2299684942845,1551.0035225506306,1557.4598058823976,1562.6900245154657,1567.2181725188912,1571.244032077395,1479.6736936846844,1485.5653168237984,1492.3691979236544,1500.7970820165744,1513.7160782395933,,1535.1913742021618,1547.1197623094383,1554.3987996032126,1560.1677059468377,1565.037203617276,1569.2829002969477
14523.2,23.6761,1482.5160861848913,1488.8286742477742,1496.284072935557,1506.1996129501028,,,1542.2213311549613,1551.002420721829,1557.455995800691,1562.6982445195908,1567.2247551230691,1571.2409478893644,1479.6740084161715,1485.5579961161288,1492.3574592615919,1500.7797909151745,1513.8669466605882,,1535.1311620469082,1547.1190824424007,1554.4062389075793,1560.1600577249717,1565.0335308870526,1569.2770162449158
14546.7,23.711,1482.540636433263,1488.8367921794127,1496.2947297287565,1506.163447466219,,,1542.2586402439445,1551.0166030614953,1557.4626123562946,1562.6994053902677,1567.2304499299698,1571.2294164829138,1479.6809978921522,1485.5408159820443,1492.3541966612831,1500.7989289159016,1513.827439102786,,1535.2040043644602,1547.113090803888,1554.3991458364508,1560.1609411028453,1565.037196966491,1569.2759018044014
14570.2,23.711,1482.535046174138,1488.8416287886093,1496.2756058976377,1506.203199409479,,,1542.244709271995,1550.9976178634288,1557.4581265066447,1562.6907236690367,1567.2320083650775,1571.236923303228,1479.6867993693338,1485.5362726015142,1492.3546745661295,1500.8263575718,1513.769204764363,,1535.2003196085648,1547.1042253806283,1554.409978055916,1560.1648083320447,1565.0361814130335,1569.2812746946333
14593.6,23.7203,1482.52499411549,1488.8501744421787,1496.3139740977983,1506.2459263919473,,,1542.2446140044708,1551.0022163969254,1557.4577124677792,1562.7033773030598,1567.2238737844084,1571.237791715612,1479.667302777028,1485.5477700830882,1492.3594041549852,1500.82391390389,1513.8758092310927,,1535.2717674243138,1547.1111932339547,1554.4014430057364,1560.1694942296158,1565.0362083275902,1569.2805555022076
14617.1,23.6911,1482.54560294678,1488.8451816154197,1496.2947470269048,1506.2060344229692,,,1542.2338998603589,1550.9968936725122,1557.4627440847685,1562.7073778237489,1567.2206495067544,1571.2349616305169,1479.6718324528858,1485.5522623362665,1492.364044725537,1500.8033709911892,1513.850429691787,,1535.1669204824861,1547.1130824887396,1554.3996114930155,1560.1555443473756,1565.0310398229103,1569.2744760384487
14640.6,23.6865,1482.52952494227,1488.8625852616221,1496.2833560308409,1506.222517247746,,,1542.2454566378772,1550.9870863245746,1557.4650348017697,1562.6899173810348,1567.2167073440478,1571.2353907494123,1479.6802167048822,1485.5617147529667,1492.3552415674405,1500.7932487595044,1513.872915411193,,1535.1457415643667,1547.0918944761204,1554.4051820925545,1560.1601338498276,1565.0253700423018,1569.2798448442675
14664.1,23.6594,1482.5340692752682,1488.8430793545347,1496.2833307166966,1506.2276012835707,,,1542.228920250781,1550.9900551802955,1557.460442455682,1562.6884347743865,1567.2124099932064,1571.2397404348203,1479.68017269942,1485.5494524599724,1492.359634301716,1500.8384190683719,1513.7320979239382,,1535.1937378504015,1547.1106154315742,1554.4028448196989,1560.1535531825068,1565.0308337964723,1569.2765283151398
14687.6,23.6368,1482.52576482398,1488.8251776858522,1496.295440040309,1506.2289322157858,,,1542.223005141652,1550.9840318738982,1557.4433539007396,1562.6954497703061,1567.211891757361,1571.2278079542195,1479.6854219819204,1485.5581259651367,1492.3582137733963,1500.8264375838926,1513.9978905616617,,1535.2151273799948,1547.0961347966886,1554.3938992842434,1560.1560763257378,1565.0243438142502,1569.2737970165758
14711.0,23.5916,1482.527832626037,1488.8613106508456,1496.2968082726713,1506.2227091795519,,,1542.222182869985,1550.9882293963221,1557.445749191342,1562.6868939837707,1567.206881565227,1571.2286567337278,1479.6858634689152,1485.5385573033875,1492.3584017835906,1500.7847327132522,1513.8232563521356,,1535.239495925734,1547.094500144546,1554.3859715785518,1560.162289729887,1565.0261019948603,1569.2745293387768
14734.5,23.5998,1482.548967458354,1488.8586193747558,1496.3028107004332,1506.2363211053078,,,1542.2128856413826,1550.993738998037,1557.4482432210355,1562.6804558872125,1567.218000393872,1571.2384277137412,1479.6851218615382,1485.560747581042,1492.3612266126734,1500.8203531260356,1513.822579596764,,1535.1590878743857,1547.0877175090577,1554.3887536963236,1560.146441575514,1565.0269785915682,1569.2755389940103
14758.0,23.627,1482.545674618208,1488.855250069347,1496.2760863513788,1506.1902034760021,,,1542.2412772206756,1550.972856515293,1557.4386907430542,1562.6884881826659,1567.2055461614323,1571.2272416633616,1479.684236771062,1485.557500227445,1492.3519033051784,1500.8447768173614,1513.8748793805053,,1535.1908817368753,1547.0854955329623,1554.381143720249,1560.146590612049,1565.017632813005,1569.271871083767
14781.5,23.6156,1482.5404981902539,1488.8418513946958,1496.3054696226689,1506.2711912690422,,,1542.2291141888045,1550.9806514576692,1557.4419511421215,1562.6849824854125,1567.2038083495654,1571.223268272623,1479.6834687599007,1485.5666494773648,1492.3781080538038,1500.8136682651955,1513.8194482150936,,1535.1871500875754,1547.086644940468,1554.3866382516644,1560.1487220113968,1565.0267706196457,1569.2687998836302
14805.0,23.5844,1482.5373077231307,1488.854363273141,1496.2949381208523,1506.2260680775155,,,1542.222995414181,1550.9827889264573,1557.4355569224722,1562.691396686743,1567.2040169389918,1571.2324956445427,1479.7044798250565,1485.5634322567419,1492.3794615362478,1500.8384121687707,1513.9030708209198,,1535.1774844444444,1547.0948831149515,1554.3838635546629,1560.1593762290718,1565.0169563201423,1569.2651538595628
14828.4,23.588,1482.535667310114,1488.8556350042047,1496.2943735096057,1506.2502781477222,,,1542.2081078250008,1550.9716967037073,1557.436680056412,1562.6831679100471,1567.210110822303,1571.2243941155687,1479.6879972725972,1485.5758918287806,1492.370125610359,1500.8192114428084,1513.8389531129114,,1535.143148242605,1547.081747801669,1554.3850289022917,1560.1438740254102,1565.0253852044104,1569.264616834525
14851.9,23.6015,1482.5392488194482,1488.8483941876025,1496.2946679076606,1506.2585286550514,,,1542.205471252528,1550.972244572767,1557.4435256409085,1562.6830859183087,1567.2048048557767,1571.2281041019069,1479.6888747962068,1485.5687469263414,1492.358530759861,1500.8235239726303,1513.945220028476,,1535.1411962459413,1547.0831317539034,1554.3816875428925,1560.1504451521987,1565.0180282823917,1569.2659489475936
14875.4,23.6074,1482.5323503263692,1488.8587950932174,1496.2923195860924,1506.2389352190735,,,1542.2255452328661,1550.9817502078415,1557.4262399679963,1562.6800361286291,1567.204754255785,1571.2293929814796,1479.6833833535982,1485.5717408841372,1492.3805928977295,1500.8270397108615,1513.8703803300355,,1535.2009027673416,1547.0757862387404,1554.3808960470583,1560.1383856621703,1565.02469998829,1569.268344488742
14898.9,23.5501,1482.5573311587762,1488.8608473826057,1496.3069827018358,1506.2739256540042,,,1542.2271334626914,1550.986101516539,1557.424069288049,1562.6743700965735,1567.1990115054691,1571.224850717564,1479.6825069289268,1485.589970218758,1492.3902762061334,1500.8225612988167,1513.8557963232045,,1535.1649209100758,1547.0751029609794,1554.3759719448071,1560.1384124872293,1565.0165339162609,1569.2688430655248
14922.3,23.528,1482.5473833860378,1488.8451043069272,1496.2992208524154,1506.269498594349,,,1542.1789095840702,1550.983479333343,1557.4298561988805,1562.6710454464258,1567.2025555236175,1571.2223828974577,1479.7024533804818,1485.553553155253,1492.3790120039182,1500.8270909502357,1513.8849738421015,,1535.2139570958927,1547.0837544254396,1554.380077341657,1560.1468465078754,1565.011131990899,1569.258038161882
14945.8,23.5432,1482.5417317857682,1488.8558186803834,1496.2992304323586,1506.2378546656043,,,1542.2006044836662,1550.9794177502063,1557.4302541102318,1562.6699472466055,1567.1918919573884,1571.2264928436111,1479.6960108070182,1485.5687960563655,1492.375273721991,1500.8243516752082,1513.8100482035,,1535.1674331228144,1547.07604528847,1554.376517167033,1560.14358486773,1565.0144693582624,1569.2659055189677
14969.3,23.5303,1482.5532588120286,1488.848020201715,1496.2998722758841,1506.282827225006,,,1542.17647583025,1550.9573262915042,1557.4271485988652,1562.6704809733399,1567.202364045389,1571.224041291213,1479.6943571738282,1485.5677093123916,1492.3840320165295,1500.8167985448958,1513.8973460943544,,1535.1405200444044,1547.0792907672944,1554.3765830251048,1560.1432056004373,1565.0148429902022,1569.2650114689307
14992.8,23.5356,1482.5387035117967,1488.8547066850276,1496.3039039142552,1506.2613055608176,,,1542.203683245785,1550.973173172865,1557.414320039784,1562.667073664032,1567.2013358746801,1571.218847055594,1479.696220286704,1485.5658448414201,1492.3650800125033,1500.8527996634593,1513.8074737824559,,1535.1835504853348,1547.0724357297586,1554.3738139480656,1560.1344032387135,1565.0120066991205,1569.258599563441
15016.3,23.5076,1482.5404470482022,1488.852745702479,1496.3110060995652,1506.2497182808468,,,1542.2119125445693,1550.9743564854662,1557.41906009148,1562.6686785568127,1567.1985237635724,1571.2193933319456,1479.7057070846934,1485.5608363215306,1492.3756132169628,1500.8210408528134,1513.8790472232904,,1535.1051224267646,1547.0638292472984,1554.364148240237,1560.1374635535706,1565.0059199862296,1569.2634010995262
15039.7,23.4907,1482.5414888293808,1488.8515757734442,1496.304654039627,1506.2767321872802,,,1542.2154739516084,1550.9736550048726,1557.4127371875963,1562.6676149538778,1567.191792060773,1571.217974048845,1479.7010896781762,1485.565388861992,1492.3842106449242,1500.8441691164494,1513.9678225913835,,1535.137087792295,1547.075616775073,1554.368976823312,1560.1333627577478,1565.0064002877339,1569.2595309059968
15063.2,23.4977,1482.538434951314,1488.881755560637,1496.2771558349057,1506.2429575082535,,,1542.1933969981953,1550.9610588907947,1557.401945274813,1562.6674494118784,1567.1992259913488,1571.2130296966322,1479.7069470243039,1485.5819718869288,1492.37463479666,1500.821580212601,1513.9553950441586,,1535.165785844406,1547.0657948015198,1554.3669505788102,1560.1341486353597,1565.0068430119202,1569.2608270132469
15086.7,23.4992,1482.5490864467904,1488.8458480678885,1496.2901920442398,1506.260298189764,,,1542.1523858683186,1550.9717952221363,1557.4100937236383,1562.670692014481,1567.1921959472338,1571.2186645966385,1479.703273565136,1485.5783153451277,1492.3888223542926,1500.84259137684,1513.8323234919703,,1535.1263333116879,1547.0807852464961,1554.3601289674434,1560.1327706746047,1564.998425970068,1569.251248514339
15110.2,23.4557,1482.5526915038479,1488.8630564354132,1496.2936771181062,1506.2627924143728,,,1542.1865670971504,1550.9538194773206,1557.4070438018323,1562.6678695511557,1567.186106340187,1571.2192839245618,1479.6958743104342,1485.5850070836332,1492.3833255351112,1500.84824914478,1513.8688845204786,,1535.1988409397916,1547.0585340902032,1554.3665984832644,1560.1188917355628,1564.9971044751042,1569.2536215979756
15133.7,23.3678,1482.5581774535012,1488.8610066957494,1496.3120997959722,1506.2354871218993,,,1542.1543723827517,1550.9610937260538,1557.4102760179858,1562.6594845338648,1567.1893036034855,1571.2137866678975,1479.695178486631,1485.5992900614208,1492.3839510899818,1500.839851354792,1513.9814641533314,,1535.1412986312625,1547.0648456890078,1554.363466769466,1560.1273411864831,1565.003035340196,1569.2558825737192
15157.1,23.407,1482.5564136749324,1488.8640375380398,1496.3151161873577,1506.2535498021764,,,1542.1581468320455,1550.9448672437677,1557.4100290372128,1562.668535864735,1567.185154819102,1571.2043430311483,1479.7027500709557,1485.5871051805982,1492.3660339814714,1500.8535187479242,1513.9128598287693,,1535.1042338483367,1547.070653454602,1554.3487283474333,1560.1259040595014,1565.00434987726,1569.2497216332858
15180.6,23.3983,1482.5643905582933,1488.8568268301642,1496.313325756269,1506.287081424228,,,1542.1733100347185,1550.9618293648812,1557.398972443244,1562.661091218206,1567.1848238402536,1571.2127926487908,1479.701729498747,1485.5640075088486,1492.3870897460665,1500.8380055572086,1513.9490948258824,,1535.1180843331863,1547.0498510699354,1554.3577278860523,1560.124356061617,1564.9992459048726,1569.2516143987225
15204.1,23.4325,1482.5522472446764,1488.8661935989905,1496.3220426573714,1506.2824896378825,,,1542.1751215580573,1550.9656774982307,1557.4094232244015,1562.6567327277762,1567.18845823538,1571.2128808330187,1479.7005959469907,1485.6032384085947,1492.405745544186,1500.847802636836,1513.847840779648,,1535.1363810848804,1547.0389763427534,1554.356246145651,1560.1238536057415,1564.9958318348804,1569.2441220766375
15227.6,23.441,1482.5613573397409,1488.8548042980221,1496.3290550653014,1506.2959256212532,,,1542.1556381591424,1550.939466482426,1557.3975078240844,1562.6616224353554,1567.1845133831675,1571.2098387448518,1479.7029394753315,1485.5853096028827,1492.3776442766446,1500.8650730785173,1513.9660161041738,,1535.153161775189,1547.0570354598742,1554.3542963200991,1560.120285753829,1564.9989211392226,1569.2511128119352
15251.1,23.3661,1482.5658257064788,1488.8687536943755,1496.3129389841522,1506.2768194425882,,,1542.1308486568657,1550.930068999005,1557.386243709007,1562.6599810012992,1567.1788028298256,1571.2094119911662,1479.706848900593,1485.5655551671755,1492.4063559528527,1500.8483778075658,1514.0816242910562,,1535.081352615106,1547.0318418275713,1554.3461060854897,1560.12150181187,1564.9977093899768,1569.2480311966613
15274.5,23.3923,1482.547221750729,1488.86604077181,1496.3095158046117,1506.2595106037145,,,1542.114431577722,1550.9378865490066,1557.3866653568734,1562.6566445848364,1567.1774833063453,1571.2072270597844,1479.7013662202253,1485.589841883468,1492.3934239136609,1500.8705497636636,1513.9160661931166,,1535.0943252017855,1547.055373767376,1554.3525068625981,1560.109055609223,1564.996063558805,1569.2465336449206
15298.0,23.3794,1482.5586712123613,1488.8777065667723,1496.3058674028796,1506.2926791416796,,,1542.1783404823682,1550.9523410225063,1557.395488948526,1562.6545957402493,1567.177165176994,1571.207707771341,1479.7074272926923,1485.5911000666872,1492.3879226839342,1500.8743034954286,1513.892284687391,,1535.10595265023,1547.0349860275282,1554.3480289829001,1560.1149757258381,1564.9897486905159,1569.2443962094458
15321.5,23.3691,1482.5567685363767,1488.8673480244909,1496.3073360806573,1506.2917916088563,,,1542.1338075023718,1550.9468060855106,1557.3942443787514,1562.657443102695,1567.190452284819,1571.203765437977,1479.7015841743923,1485.5872018569687,1492.402283656942,1500.8696956751498,1513.9147064878252,,1535.1185473160715,1547.0379707293296,1554.3528048467242,1560.1205277322138,1564.9967087010127,1569.2410100434477
15345.0,23.4048,1482.5638678277746,1488.8803380093764,1496.3146637391053,1506.2558688610077,,,1542.155922225144,1550.945856483739,1557.4001331911825,1562.6577137936408,1567.1812633559293,1571.2062944576471,1479.7040311100384,1485.5878285171061,1492.398425573004,1500.8363180167728,1514.0088883025855,,1535.1178348095027,1547.0463534819128,1554.342106136988,1560.1228805755052,1564.9988878775484,1569.2393550791844
15368.4,23.3708,1482.570770249527,1488.8761497860671,1496.3262986765951,1506.2850832351155,,,1542.1493407725204,1550.9518207782617,1557.3752685287548,1562.6570791485376,1567.1790447353603,1571.2045012594542,1479.7167405945547,1485.5887678693275,1492.3902583811064,1500.8583316786992,1513.930091335867,,1535.1209937247486,1547.0344914947768,1554.3481846345396,1560.1187133949284,1564.989953532839,1569.2400417535137
15391.9,23.3463,1482.5422566384339,1488.8554821175014,1496.3338590257604,1506.2842514238857,,,1542.165816271722,1550.9360926498118,1557.3917546217908,1562.6477386661265,1567.1770851568956,1571.205388784657,1479.7062523141085,1485.5919187464642,1492.405680082917,1500.8653597472548,1513.980664278793,,1535.0600110677308,1547.0365784164053,1554.3430375060009,1560.1076425426568,1564.9914121956356,1569.241646830309
15415.4,23.3226,1482.5682092393,1488.8848569507104,1496.313400306003,1506.3269783258902,,,1542.1522884471697,1550.9270017817582,1557.3831084861022,1562.6511089708392,1567.1683233886902,1571.2008155064643,1479.7102451008693,1485.596029276883,1492.4025234013686,1500.878046710425,1513.878822860533,,1535.1076873856618,1547.0280363171041,1554.3517022613796,1560.1122182322597,1564.9844863516507,1569.237888928131
15438.9,23.3163,1482.5682233921236,1488.8879405510113,1496.3236879376914,1506.3123505132965,,,1542.1533632330813,1550.9363972825042,1557.3909099740195,1562.6531758512317,1567.1731392676718,1571.1976657524901,1479.7216343045754,1485.583756717194,1492.3983182589843,1500.867194190474,1513.976251536769,,1535.1044506951835,1547.0421959675487,1554.3411296754964,1560.1129196097406,1564.9834711903225,1569.238576444516
15462.4,23.3233,1482.562748140435,1488.8752767383362,1496.3300528774387,1506.2823909900667,,,1542.1569548191023,1550.9415772677394,1557.3838167933695,1562.6562204687918,1567.1693145269367,1571.1947351814895,1479.7179544274134,1485.6062688557543,1492.4034717002728,1500.8692215947274,1513.8824513014238,,1535.1065545433742,1547.0290739327652,1554.3468272171951,1560.1124879512272,1564.9909965618313,1569.2353299998238
15485.8,23.3253,1482.5697390935761,1488.8768834872221,1496.319650413299,1506.2473949480423,,,1542.1178179751237,1550.9370662739757,1557.3858584909112,1562.641590550511,1567.1753704791481,1571.2015942855332,1479.7145282522818,1485.5798136270623,1492.4000562416954,1500.866977013176,1513.8352347618645,,1535.0738390006745,1547.0322947805273,1554.3416612592641,1560.1102424453202,1564.988024229816,1569.2427367398504
15509.3,23.3154,1482.568637948159,1488.8683725436795,1496.319790469082,1506.3180079982126,,,1542.1547852635088,1550.9355259728798,1557.3911649699146,1562.6478554488292,1567.1694508059102,1571.1985854171523,1479.7116840472659,1485.5978380588494,1492.4054182679351,1500.8868270533446,1514.0413254923085,,1535.110943605775,1547.0508473694326,1554.3391091674287,1560.1103064910387,1564.9921071612544,1569.2383206853178
15532.8,23.2973,1482.5633616736739,1488.88073915766,1496.337786365852,1506.2695705582742,,,1542.1669233368866,1550.9375648852938,1557.372253234645,1562.6528006035694,1567.1706075854513,1571.1918980059647,1479.7183592019815,1485.5989200721028,1492.3994782279715,1500.8842255240188,1513.925432552389,,1535.0673530064344,1547.033031943575,1554.334869069126,1560.105579753192,1564.9850717978607,1569.236509854502
15556.3,23.2901,1482.5708489721876,1488.883972596162,1496.3179004838075,1506.2702685488755,,,1542.0831226043392,1550.9347638248269,1557.3801433744343,1562.647306287973,1567.176760071905,1571.2012244272453,1479.7126770382147,1485.5969856528254,1492.4081982714124,1500.8666866414085,1514.032705548805,,1535.0962662681038,1547.0313989083318,1554.3301788744568,1560.1060082574422,1564.9806978323704,1569.2338285714075
15579.8,23.2564,1482.5629321618683,1488.8782237986231,1496.333616850663,1506.3686554949652,,,1542.1662617901886,1550.9273285907807,1557.3819017494109,1562.6507784550718,1567.1672606766115,1571.195413700438,1479.726521489177,1485.6098446985825,1492.4086667506606,1500.8742654553296,1514.0419558577369,,1535.0791631591442,1547.0245699411128,1554.3265186145102,1560.1068405979556,1564.9856646855392,1569.2318253590856
15603.2,23.2436,1482.5712807277428,1488.8771114560348,1496.3161484996524,1506.3359899008076,,,1542.0422373110055,1550.9253581185758,1557.3769285428887,1562.6525271820653,1567.1687510566057,1571.1929562821667,1479.723093556015,1485.6014839400236,1492.4077254283113,1500.8724327998557,1514.0059974429403,,1535.0581958809712,1547.0161596659898,1554.32798833856,1560.1015520401272,1564.9807100268265,1569.2284183590596
15626.7,23.2516,1482.569809586914,1488.882504260375,1496.3295881019935,1506.2930950218652,,,1542.1050383580289,1550.9300619317635,1557.3759059128947,1562.6416044188923,1567.1619791765092,1571.1880578965727,1479.7206749951124,1485.6037580637428,1492.4092582898866,1500.8803007861457,1514.001786808125,,1535.0302515118944,1547.0195315580493,1554.3254125167657,1560.1089165540648,1564.976273679129,1569.2287316568247
15650.2,23.2639,1482.5875511246309,1488.8768791216546,1496.335042419437,1506.3446054967205,,,1542.1003911281207,1550.9419280325037,1557.3794040950047,1562.6404750523127,1567.1686737527823,1571.1913778537078,1479.7228788336784,1485.6106626434614,1492.393861066415,1500.8578780936093,1514.0503470100828,,1535.0867500619586,1547.003142386663,1554.3310003929316,1560.1011188774812,1564.9809685468658,1569.2307718589993
15673.7,23.2719,1482.5750395390412,1488.8879838150065,1496.3313499386065,1506.2994101560232,,,1542.13064859249,1550.9376056428507,1557.3733293314567,1562.6501154112923,1567.166209032457,1571.1913225493872,1479.7355982961772,1485.6093603423901,1492.4269189332726,1500.8621423636555,1513.934259819104,,1535.086162836171,1547.0311752298717,1554.3270719611357,1560.0948508608355,1564.9795455053918,1569.2290350151156
15697.2,23.253,1482.5736497158189,1488.885088561396,1496.3228597903012,1506.3293230553986,,,1542.067382599604,1550.9310370965507,1557.3646518579321,1562.6488406142178,1567.1658307708108,1571.193984361875,1479.721054267861,1485.6087183997033,1492.4255682796727,1500.8852803254674,1514.0131470697559,,1535.0707179364795,1547.0123146470407,1554.3266154841613,1560.0943350529697,1564.9824388417487,1569.227190516443
15720.6,23.2183,1482.5800448736798,1488.9020138404587,1496.3249739173211,1506.350648060973,,,1542.101101446919,1550.935612149722,1557.3735297377457,1562.6416140871474,1567.1674448896617,1571.1857236793949,1479.7383705050433,1485.6112938659883,1492.4048236545664,1500.8962868020203,1514.05923349212,,1535.058889277955,1547.0178758909492,1554.321906768209,1560.101240974128,1564.9769904289121,1569.2249118493319
15744.1,23.2494,1482.579673956129,1488.8908284718052,1496.3443231076292,1506.306052752316,,,1542.1269132630891,1550.9358293660828,1557.354848118741,1562.6396200805364,1567.1600037236583,1571.1925911279204,1479.7115743160464,1485.6063313035042,1492.4204035005348,1500.910020809111,1513.9177915726484,,1534.9546127666472,1547.0111420877706,1554.3263658030344,1560.097788522916,1564.9768327924223,1569.2287431773636
15767.6,23.2209,1482.5539203342473,1488.891370143926,1496.321261259038,1506.3448734642216,,,1542.082449554911,1550.9314489232179,1557.3639555695809,1562.6424463521892,1567.1646371063262,1571.184543251734,1479.7189422876636,1485.6140897402238,1492.4099313641564,1500.889106061104,1513.9849048696672,,1535.0862963748239,1547.021745545898,1554.3243133997692,1560.093229981523,1564.976258842202,1569.219967554656
15791.1,23.2222,1482.5736150866544,1488.887442709226,1496.348958853372,1506.3680448148548,,,1542.1003664917612,1550.9259125072738,1557.364152849396,1562.651485938222,1567.1620088952143,1571.1805516488294,1479.7304813677524,1485.606984643569,1492.4059515011465,1500.906552460298,1513.987482818346,,1535.078624768089,1547.0079297805132,1554.3165070792043,1560.0907296353166,1564.9730682563322,1569.229369269205
15814.6,23.2169,1482.5623770391287,1488.8913678983372,1496.3397133116764,1506.3046397720614,,,1542.0899033010119,1550.9136807709258,1557.357725045466,1562.6345977446076,1567.1651364523136,1571.1864287608462,1479.735243103873,1485.6139300860725,1492.423585208947,1500.9006920789539,1514.0240335241315,,1535.0432211481755,1547.0172519234256,1554.3190777614755,1560.0940689213264,1564.978836677778,1569.2239893380213
15838.0,23.2017,1482.5782884988075,1488.8916381668419,1496.3427927138862,1506.3372964580242,,,1542.1112264797655,1550.9196522506197,1557.3457884054021,1562.6343113740652,1567.1600862378484,1571.1828877736773,1479.7068345494188,1485.6102210748631,1492.4344778476857,1500.8950572540164,1514.0700684708183,,1535.0652736757058,1547.0032160728858,1554.3205723176495,1560.0946146014116,1564.9728314086562,1569.2279703197385
15861.5,23.1957,1482.5820552144871,1488.9037558534715,1496.325822026398,1506.3650513233385,,,1542.114865225348,1550.92672879658,1557.3612653096443,1562.6386207219987,1567.1568740089012,1571.1785783413266,1479.7219207843004,1485.603130406994,1492.4234849455318,1500.9184008524453,1513.99762089905,,1535.0064215179427,1547.0073528504251,1554.318230184884,1560.0889233250293,1564.9683626548028,1569.2210963232965
15885.0,23.1946,1482.5687435769514,1488.8993617068422,1496.334887857568,1506.3386853394816,,,1542.0881767894502,1550.9120898649865,1557.3644777494983,1562.6407706798777,1567.1597120254835,1571.1770300323208,1479.7196300469827,1485.6066280589237,1492.435309707961,1500.8864235716783,1514.0841772035665,,1535.0161246312255,1547.0005206970993,1554.3193745377584,1560.0902343711828,1564.9725057722148,1569.2206229342241
15908.5,23.1904,1482.57808769079,1488.8884637730457,1496.3060158808464,1506.3265735394564,,,1542.0896280693942,1550.9149571784499,1557.3625301758373,1562.6316082976166,1567.162323545249,1571.177270957549,1479.7194409712597,1485.612670138714,1492.4289582650583,1500.9085220544202,1514.018713320489,,1535.054970904024,1547.0002425036027,1554.3192529443807,1560.0933559123328,1564.9741310234033,1569.2172766236024
15932.0,23.1744,1482.5680136855947,1488.8999852736533,1496.3252479751773,1506.3632062646918,,,1542.061132760424,1550.916280764524,1557.3482516706956,1562.6339624243499,1567.1586693712175,1571.1828480321058,1479.7276273126702,1485.6108049745212,1492.4144927560492,1500.883164398931,1514.1273361408055,,1535.0729404572328,1546.9940790215965,1554.3184083816536,1560.0880141610176,1564.9681038254123,1569.219567860955
15955.4,23.1568,1482.5794700520894,1488.8995184024345,1496.331678241833,1506.3401820178287,,,1542.0658963883695,1550.894543543732,1557.3597503454364,1562.636315582906,1567.150977050632,1571.17691681169,1479.7250768585802,1485.6008992215457,1492.417880113247,1500.9152003695328,1514.073801740984,,1535.049223419875,1546.9971040070789,1554.3126002956687,1560.0794426909172,1564.9709150130163,1569.221151645694
15978.9,23.1542,1482.5855213656264,1488.8905858952148,1496.3260937775015,1506.3728532501755,,,1542.0600196318887,1550.9035531725576,1557.3512916481086,1562.631853408183,1567.1553434305195,1571.178657455791,1479.738279255846,1485.6076664248963,1492.424744761065,1500.9052100063768,1513.9470732736734,,1535.0095611473978,1546.998601795905,1554.3118750788938,1560.0849733057448,1564.9645728658656,1569.2120464379734
16002.4,23.1522,1482.588496200584,1488.8932254565425,1496.3431738523989,1506.3536327265715,,,1542.1248020579137,1550.9055006032868,1557.3528562687554,1562.626964321531,1567.1548137452653,1571.1795489665797,1479.7265371956696,1485.6032053037563,1492.4286664430044,1500.90724544631,1514.1298788586266,,1535.020826440558,1547.0018305068643,1554.3086725140479,1560.0834421617574,1564.9623465022883,1569.2175833664958
16025.9,23.1426,1482.5932749226968,1488.8978960910583,1496.3226118510338,1506.3178354893976,,,1542.0883031470496,1550.9098137061105,1557.3533662985776,1562.6198116565386,1567.1576021918374,1571.1752077560282,1479.7261083647434,1485.6177383783104,1492.4286984117043,1500.9052886049094,1514.1786380241601,,1535.0371341924154,1546.9874892169025,1554.3074266128228,1560.073793008344,1564.9643022522744,1569.2162707027405
16049.3,23.1495,1482.5750908663786,1488.8920724110635,1496.3461063577006,1506.3248092955441,,,1542.0746953050611,1550.9075656964287,1557.3497181010337,1562.6298061261107,1567.1487301106665,1571.1712914588752,1479.7292826679618,1485.6208547766382,1492.4312998567716,1500.920428090137,1514.072459158027,,1534.9935002187397,1546.9978181105032,1554.312603648955,1560.0843315439315,1564.958172013379,1569.2181532038778
16072.8,23.1346,1482.5934233739902,1488.89492430199,1496.3563461737926,1506.3385277314055,,,1542.0345942675888,1550.923604491853,1557.3443012836412,1562.6246432939467,1567.1513383822364,1571.1691580333268,1479.7317652527681,1485.607559955353,1492.429757317049,1500.9077393109533,1514.1386371991978,,1535.0469876252366,1546.9947500895482,1554.3083462432744,1560.0839571029067,1564.9652010668246,1569.212836275803
16096.3,23.1324,1482.5746210066413,1488.8993422902915,1496.3371164230264,1506.3402868119542,,,1542.0463484618567,1550.9012683011972,1557.3583195260474,1562.6272370198228,1567.1420880043547,1571.1733093204252,1479.7321078321268,1485.6163733624844,1492.4344217760863,1500.8742920642321,1514.1090305452217,,1535.040168775413,1546.9835106571186,1554.312228791518,1560.0770592310894,1564.9578923866757,1569.214147181261
16119.8,23.1243,1482.567301251351,1488.8931321375564,1496.327709386628,1506.3579692940643,,,1542.062354419134,1550.9190749237134,1557.359214355552,1562.631245314664,1567.148976906781,1571.1717158355375,1479.7254354152963,1485.6214423967247,1492.41981657934,1500.9112046097657,1514.1316596008194,,1535.0182380830263,1546.9821395691401,1554.3096540473812,1560.0766146146145,1564.9535456558576,1569.2097413053427
16143.3,23.1221,1482.6052325264827,1488.922784616016,1496.3433913868425,1506.3479435115787,,,1542.0433083442845,1550.9014034169222,1557.3333075906858,1562.6204094516143,1567.1456181407098,1571.1723183753854,1479.7403335959682,1485.6122905006287,1492.4344605786507,1500.9120414012436,1514.0650406951163,,1535.009120780961,1546.9918210220553,1554.3047051745716,1560.0808881015191,1564.958651095109,1569.2100468982367
16166.7,23.117,1482.5928911638186,1488.899902354741,1496.3397766559142,1506.3603102813138,,,1542.0754912093132,1550.899901415948,1557.3379763020434,1562.6214688791683,1567.1542409019305,1571.1705134777692,1479.7352513097023,1485.6212149118319,1492.4393601688105,1500.9104630011848,1514.1390496081099,,1534.9821481990434,1546.9814448118718,1554.302975052009,1560.0774525154654,1564.958578329158,1569.2120138686253
16190.2,23.0863,1482.5745929637771,1488.9024458732988,1496.3450175092755,1506.3737618230193,,,1542.0412193613588,1550.9067318623675,1557.339078381152,1562.616444540078,1567.1506397549676,1571.177605719583,1479.7342420862776,1485.6161052902767,1492.439883862026,1500.9078623718888,1514.1183740512129,,1534.9833348859597,1546.9889458633957,1554.2994168908513,1560.0797138738374,1564.9571191046628,1569.2110538390584
16213.7,23.0548,1482.6102207970414,1488.9068323048753,1496.356923956446,1506.3251508762116,,,1542.0307469258676,1550.9023470403165,1557.3508344198176,1562.6185092501453,1567.1505838331047,1571.1599783872423,1479.7473390106034,1485.6254081897753,1492.4274100508644,1500.9409587839202,1514.098796013258,,1534.9774957189438,1546.986142793179,1554.2981624954764,1560.074141794171,1564.9619775373972,1569.2078413697425
16237.2,23.0398,1482.5923274893767,1488.9120318111286,1496.359709098043,1506.35013509881,,,1542.0865000877116,1550.8901809948204,1557.3341387530468,1562.6111544512883,1567.149550951692,1571.1629911330078,1479.7387621106266,1485.62464648912,1492.4529153137769,1500.941533976228,1514.153573241146,,1534.9625693076634,1546.9765450980065,1554.3010885578522,1560.0730155905278,1564.9547274317988,1569.205654974649
16260.6,23.071,1482.5987164400426,1488.8960983586912,1496.3710829995277,1506.3791365725542,,,1542.070997294419,1550.8962273847046,1557.3331644159607,1562.6195947455917,1567.141564033381,1571.1748319168648,1479.7401376929731,1485.6240205751874,1492.4297894874214,1500.9356954924544,1514.0575112383567,,1534.936079931282,1546.9707114053042,1554.294129043167,1560.063514039514,1564.9530589568703,1569.2060144217846
16284.1,23.0578,1482.5871994940055,1488.909590546298,1496.3541168404113,1506.3767734733221,,,1542.0429112912018,1550.8951347589825,1557.3391672210332,1562.6163855739912,1567.1440446263905,1571.1680605339402,1479.749454837824,1485.6329944940687,1492.4360430317092,1500.9209064584065,1514.175873673311,,1534.9220009359174,1546.9759456703648,1554.2989862889892,1560.072797636346,1564.9541059934859,1569.2056813598194
16307.6,23.0622,1482.5930049108404,1488.9121816770455,1496.3371357083663,1506.3858159763618,,,1542.0522455022597,1550.8920958171723,1557.3333647593508,1562.6096290819842,1567.1415271504388,1571.1640992031078,1479.7436009393014,1485.6271240925453,1492.446647333303,1500.9597939783846,1514.1175672356624,,1534.9721446523317,1546.966460300013,1554.2884424533352,1560.0626272637055,1564.9520335751938,1569.2046353863072
16331.1,23.0457,1482.597662012673,1488.9165676156479,1496.3839370340413,1506.3465002598246,,,1542.0377831373787,1550.907273109487,1557.3337704852258,1562.6140660266408,1567.1347441079627,1571.1669444304264,1479.7356238663147,1485.6388622463126,1492.4475591412554,1500.9582616325476,1514.0655349208578,,1534.9195939506421,1546.9764649146894,1554.2918466745066,1560.0654603082849,1564.9498363124098,1569.2032922567669
16354.6,23.0211,1482.5923593813106,1488.9098674931436,1496.3544104493724,1506.3839219302197,,,1542.0152732862277,1550.8920714883063,1557.3389599735362,1562.6111193059198,1567.1390749637237,1571.1659333078694,1479.7508708882272,1485.6296767681717,1492.44139372916,1500.9424821481905,1514.105678634075,,1534.9685683002958,1546.9672496414382,1554.283141303274,1560.0581843138277,1564.9479250007169,1569.208205540987
16378.0,23.0375,1482.60185465498,1488.9204432330778,1496.383007448141,1506.3834122192818,,,1542.0356978535997,1550.8918353551,1557.3299311538567,1562.601709797159,1567.1448370975995,1571.1593629095848,1479.742194867957,1485.6366520663896,1492.438744723372,1500.9355608541387,1514.1430849836127,,1535.0622424650949,1546.9741571915306,1554.293781686871,1560.0662456491136,1564.9498250469762,1569.2048183418706
16401.5,23.0191,1482.6122579684736,1488.9201092527508,1496.365317826285,1506.3270927712701,,,1542.0564182673238,1550.8812225257627,1557.3343090787343,1562.6138654917183,1567.1319116993925,1571.1591013023492,1479.756720645267,1485.6202101129127,1492.440600282764,1500.9448294954238,1514.0823923425007,,1534.9793185322233,1546.9651445424124,1554.2873930465319,1560.0673382527186,1564.9434180774008,1569.2019019504166
16425.0,23.0179,1482.586236439702,1488.908338289838,1496.3710359714605,1506.344197476008,,,1542.0661785522525,1550.8741674614084,1557.3341806700687,1562.60735816294,1567.1391756196233,1571.165755738158,1479.7368155652564,1485.6204385775445,1492.446879377664,1500.9118978939111,1514.1740604488216,,1534.9857189362137,1546.9662868823102,1554.290812085736,1560.065068851655,1564.9450622680365,1569.2025931020617
16448.5,22.9868,1482.596045348915,1488.9220382452165,1496.3681702308227,1506.4169225237188,,,1542.04349190639,1550.8772757395755,1557.3273354644648,1562.6086051550558,1567.1393247479186,1571.16387498142,1479.7390729878998,1485.6308350029224,1492.4447533071148,1500.943125469572,1514.1463369132662,,1534.9569376441402,1546.9583711274056,1554.2798477835029,1560.0567487261028,1564.9425595434095,1569.2017137627447
16472.0,22.9892,1482.6109768755662,1488.9063428246427,1496.3492500781056,1506.3881308005305,,,1542.0377272113483,1550.8886699955133,1557.3205498777836,1562.6069617391304,1567.1327940727365,1571.1623926355046,1479.735662245733,1485.6275058281433,1492.4490106049714,1500.9531491226373,1514.1711610922068,,1534.9236182954387,1546.9732922032397,1554.2687331466102,1560.0598071916386,1564.9365179585282,1569.1962529827572
16495.4,22.9918,1482.5979821882693,1488.9075105253592,1496.3637074395597,1506.3465251752032,,,1542.0164724206195,1550.8784464039295,1557.3229546076807,1562.6065887030231,1567.1294983718824,1571.1537906346164,1479.7415952495248,1485.6423328996968,1492.4374792514282,1500.9275972885475,1514.0918778638015,,1534.9993592003366,1546.962182500961,1554.280256327972,1560.0579587347404,1564.9427674078918,1569.1982579468
16518.9,22.9866,1482.6111431688578,1488.8974480577924,1496.3520394035133,1506.3298402910366,,,1542.0161424668488,1550.8731514308151,1557.3199603935282,1562.5999169198678,1567.1311985284985,1571.1579044184177,1479.754816788083,1485.629240850158,1492.4492664419622,1500.9257826744374,1514.1896678100454,,1534.93574763077,1546.9670861412167,1554.2763718911497,1560.05532597037,1564.9412176964704,1569.197157952185
16542.4,22.9809,1482.6022150749923,1488.9161519630618,1496.3751796052832,1506.3611256965626,,,1542.0255452279819,1550.8741995241235,1557.3298115483606,1562.5985030898737,1567.1282299781394,1571.1593647747916,1479.7463440334793,1485.642114834392,1492.4347882731415,1500.9510554614455,1514.1865164753583,,1534.9684060873049,1546.9636116405495,1554.2803233671075,1560.0557808089334,1564.9376662584186,1569.1913226040274
16565.9,22.9838,1482.6024886150417,1488.9104538516158,1496.3746131895418,1506.3950772146081,,,1542.0197233305266,1550.8736375970118,1557.322724170526,1562.6111230365427,1567.1330002508498,1571.1622058388168,1479.7648387428706,1485.620553429126,1492.434159749861,1500.9135809692232,1514.1099829142165,,1534.96160842637,1546.957492239712,1554.2789875808598,1560.0554985134347,1564.9364541696827,1569.1992767780753
16589.3,22.967,1482.6075225171894,1488.936387267056,1496.375191010921,1506.3853069958277,,,1542.0110853326526,1550.8700275974497,1557.3295852193132,1562.5980761875696,1567.1256282644956,1571.1598464144206,1479.751034143366,1485.6266802947066,1492.4469207709383,1500.9388059140097,1514.1147135475173,,1534.9418912124506,1546.9650707170222,1554.2764809460052,1560.0548955694558,1564.933464221982,1569.195242717896
16612.8,22.9452,1482.6001188309967,1488.9275031688298,1496.3398873467713,1506.3476769187623,,,1542.025077878065,1550.8693739261564,1557.3199941831972,1562.5997927157198,1567.1254956649345,1571.1488515450696,1479.7562663976234,1485.6249415461189,1492.449402634735,1500.9238148191503,1514.1723418043512,,1534.9274655627637,1546.941197729387,1554.273086589232,1560.0553732125063,1564.9413751980114,1569.1908915689294
16636.3,22.9552,1482.6049397993017,1488.9349567617219,1496.3832440247713,1506.3959899367235,,,1542.0235627809677,1550.8706746591763,1557.3146763300351,1562.5973073916969,1567.1262277612086,1571.151141514489,1479.7511907586022,1485.6224455220863,1492.4360827977105,1500.963481885981,1514.2004044876262,,1534.9155723164574,1546.9611174052839,1554.274775724721,1560.052160221555,1564.931783975179,1569.1904817005757
16659.8,22.9487,1482.6130742009493,1488.942285066185,1496.3648859169436,1506.3979198776067,,,1542.0233833531797,1550.8622068049651,1557.3225010169683,1562.5965430051813,1567.1304893559236,1571.149668189314,1479.755154311477,1485.6380500427745,1492.4570604035605,1500.9562008003475,1514.1918885314492,,1534.862185240662,1546.937653905285,1554.2781118244493,1560.0505610054877,1564.9330742943412,1569.1882615847708
16683.3,22.893,1482.5939333199055,1488.9337907230151,1496.3814343037075,1506.3777787555148,,,1541.989541682531,1550.8687263506567,1557.3219867572748,1562.591747798256,1567.1305990161013,1571.15003754022,1479.7564770690747,1485.644463454708,1492.440848688121,1500.961814624661,1514.1467669180402,,1534.9444059409302,1546.9401702747257,1554.2750939753287,1560.050211297492,1564.9369738638695,1569.1887687880496
16706.7,22.9279,1482.612259154102,1488.9313841156475,1496.3600656977212,1506.3886230225849,,,1542.0342226714251,1550.8736428240254,1557.3182753999445,1562.6023670933823,1567.1224685207487,1571.142156013764,1479.7492340427914,1485.6344913577923,1492.4332944391163,1500.9572017836301,1514.1414539581613,,1534.9250539006011,1546.9327760607623,1554.2637302325913,1560.0532005531359,1564.9280837086108,1569.1851189762087
16730.2,22.9088,1482.599348875177,1488.9175105699599,1496.366933833087,1506.3653015403072,,,1542.0168707891671,1550.8572492477006,1557.323969670105,1562.5994894777307,1567.1239950353338,1571.1470383748451,1479.7495803186303,1485.6424668954487,1492.4674872139735,1500.9678468565628,1514.2010305192232,,1534.9158048373645,1546.928138019491,1554.2664553973084,1560.0395149268468,1564.9302606381764,1569.1859982869112
16753.7,22.9141,1482.6016468168364,1488.9324541912833,1496.3552159098829,1506.4333069505774,,,1542.0139937037557,1550.8528348687378,1557.3228589630626,1562.5932198891,1567.1218958493935,1571.1523692303244,1479.7440773669737,1485.640523205288,1492.458042280852,1500.9538333746057,1514.1782252967203,,1534.9663703874085,1546.9507902195844,1554.2698808965647,1560.0417148125748,1564.9313638085534,1569.1862644505593
16777.2,22.9071,1482.618826825539,1488.9264761539473,1496.3699674659001,1506.408699469405,,,1542.000129083507,1550.8604911554883,1557.3056525886454,1562.6013919962904,1567.1133683709772,1571.1483263785858,1479.749299605764,1485.6392657244276,1492.453647042051,1500.939923614285,1514.1596322741464,,1534.901425273542,1546.9417223369594,1554.2690824362148,1560.0451201467265,1564.9310849221783,1569.1893525691314
16803.9,22.8981,1482.6073108441756,1488.9338318365249,1496.3456050247999,1506.444721848881,,,1542.0188837973446,1550.8452181966638,1557.3067466032285,1562.592366078067,1567.1218590459248,1571.1460804904532,1479.744164450132,1485.627313430721,1492.4628616123834,1500.9534087211728,1514.159353670544,,1534.90048732135,1546.9394786740875,1554.2543202741015,1560.0459007419072,1564.9273148211032,1569.1849999345932
16827.4,22.89,1482.5987346479806,1488.9361350368508,1496.384546987468,1506.4064547462544,,,1542.0217643827857,1550.8525347208767,1557.3070799454633,1562.5877518549005,1567.117892995043,1571.1527728898475,1479.758477094505,1485.6337702030894,1492.4385723003356,1500.9756089323098,1514.1934428514428,,1534.8500332055967,1546.929417272246,1554.2562310548851,1560.0361632506158,1564.9268739036584,1569.1860906221957
16850.9,22.8823,1482.6045054717615,1488.9438627958414,1496.4017164857119,1506.4084957148482,,,1542.0170223277744,1550.8384233903196,1557.3026234639942,1562.5895471963943,1567.1162733365122,1571.1429254455152,1479.7451533296232,1485.632044413495,1492.464506607796,1500.9663385595825,1514.1242620271541,,1534.893454702589,1546.9335912945737,1554.2603334899438,1560.0389892272046,1564.9214268284377,1569.1840168638823
16874.4,22.849,1482.5868822343496,1488.9481679612636,1496.398236697356,1506.3746625347715,,,1541.997123973542,1550.8509165699754,1557.3133503506563,1562.5850564203902,1567.114251158842,1571.1441759522836,1479.760940681787,1485.6494196897693,1492.4611586413832,1500.9787014859803,1514.2653573293478,,1534.8367162862994,1546.9337533558964,1554.2563132173645,1560.0382914199195,1564.9214535238004,1569.1790413331614
16897.8,22.8221,1482.6074181861186,1488.931362478237,1496.3756002628259,1506.4030967279957,,,1542.0086451076097,1550.843407377133,1557.2938895692234,1562.5842457761698,1567.1199489888675,1571.1414697567,1479.7512772574107,1485.6337940348635,1492.4640187076584,1500.9785423820713,1514.1492352805888,,1534.8854020130457,1546.9303899654433,1554.2579813480243,1560.0362369179509,1564.9198644632459,1569.1778801456817
16921.3,22.8527,1482.616652731482,1488.9356933216645,1496.397783712289,1506.424556614122,,,1542.0228967969708,1550.8466948568491,1557.2973994619974,1562.5777427360206,1567.1208954825827,1571.1464551482266,1479.7543197426953,1485.6522947130545,1492.4744872440592,1500.9814214916898,1514.1922356331695,,1534.8941707981778,1546.9313499039288,1554.258448262672,1560.0331715496043,1564.9183186222126,1569.1748545360488
16944.8,22.8362,1482.617813775001,1488.9339714421194,1496.406307970654,1506.4503093440087,,,1542.001275791293,1550.8553242619976,1557.2983639001454,1562.5874990761356,1567.114039857823,1571.143215921385,1479.7698373168414,1485.647261388079,1492.4499097918465,1500.9741150677874,1514.1866456292485,,1534.932781668612,1546.922431430743,1554.250470095808,1560.0375446404541,1564.9199377427958,1569.1726198959714
16968.3,22.8504,1482.5979406411482,1488.958744220928,1496.3953226429494,1506.4314339713355,,,1541.9680633414891,1550.8595906080977,1557.3011123127003,1562.5827275147376,1567.1144716515735,1571.1455693628293,1479.7601660405282,1485.6491036020548,1492.4487569470912,1500.969566594552,1514.2259367937368,,1534.8883429581738,1546.9328041507708,1554.2642397860802,1560.0324499313188,1564.9193472787395,1569.1796582389957
16991.8,22.8511,1482.614543105481,1488.9487804210949,1496.3885715566082,1506.4523489812325,,,1541.9970168015457,1550.83069831285,1557.303529942729,1562.5845527441109,1567.1086274744532,1571.1349315483058,1479.7511436349494,1485.6482992024678,1492.4468966070106,1500.9766873452436,1514.1865939489846,,1534.8868318992395,1546.9122728958382,1554.2504047420193,1560.0324138663975,1564.9198749346776,1569.1816480453224
17015.2,22.7965,1482.6044962160972,1488.9314526217108,1496.4169192493603,1506.4640329440515,,,1541.9948657934913,1550.8176832869453,1557.3011154257736,1562.5806904741216,1567.1164164387105,1571.1310188423518,1479.7553412233626,1485.6457656492498,1492.4489994815904,1500.9702918755377,1514.2657344761453,,1534.8266286708147,1546.929270882181,1554.2410587236905,1560.0275967022224,1564.9159922652743,1569.1733624045435
17038.7,22.7903,1482.6160193879934,1488.9207291716912,1496.3837556814728,1506.436749509842,,,1541.9814195423103,1550.8506368187911,1557.2929698501496,1562.5706638916881,1567.1026238498407,1571.1317648249576,1479.7570032212197,1485.6480049184795,1492.4775142889748,1501.0012676584777,1514.1540847174927,,1534.8894035620601,1546.9232611933562,1554.2558741429084,1560.0255179964402,1564.9154629250204,1569.1699610919882
17062.2,22.8155,1482.6243324273933,1488.9435003062815,1496.409841277208,1506.4412849922458,,,1541.9727822329226,1550.8260628179848,1557.2924888132573,1562.570187386326,1567.1060752877906,1571.133328832254,1479.7416922485852,1485.6534521812323,1492.466142989898,1500.9686486755731,1514.1268297334489,,1534.8630802902892,1546.9212279926094,1554.2383980029879,1560.0285374018436,1564.9135259404623,1569.1705128890694
17085.7,22.7924,1482.6134320304252,1488.9447293363141,1496.4179785542954,1506.487159212215,,,1541.9721461996828,1550.787610761724,1557.2923281314218,1562.5716755988578,1567.1032390585658,1571.1352111791837,1479.7649083490983,1485.6456727141806,1492.4559012204093,1500.9810362916687,1514.2176415323343,,1534.8766822596176,1546.9177388427647,1554.24547151296,1560.0254032602306,1564.910651502243,1569.170336396909
17109.1,22.7921,1482.6060090154674,1488.9428994272837,1496.4078261211152,1506.4237974787286,,,1541.9668715024814,1550.81655554349,1557.2936983203494,1562.5735081043733,1567.102688693123,1571.1298401175138,1479.7598092702667,1485.6486280468762,1492.451004971647,1500.97625888724,1514.2160304380043,,1534.8745395040223,1546.9208895487047,1554.2459256145676,1560.0270423867141,1564.9125807522562,1569.1689917933425
17132.6,22.7869,1482.609016194053,1488.9480698935758,1496.3925879441526,1506.4597400892624,,,1541.9561329075552,1550.8356980089952,1557.2901075708387,1562.571607113732,1567.1081666483099,1571.1309024123295,1479.7646085345461,1485.64608587898,1492.4795456539812,1500.9882622047828,1514.1937347388482,,1534.838709478234,1546.9129988491923,1554.2378205720559,1560.030236626901,1564.9146422852482,1569.1714208394567
17156.1,22.7696,1482.619230150992,1488.9364042683083,1496.3905377564447,1506.454533320002,,,1541.9751375540607,1550.812935983081,1557.2943238436771,1562.5766391807201,1567.1043619422414,1571.128557024343,1479.7681145546123,1485.6540394359233,1492.4704852590044,1501.0142680243969,1514.1818441364667,,1534.852410843081,1546.91533431941,1554.2444042920529,1560.027288779399,1564.9057888733014,1569.1706451551
